"id_empleado","edad","ingreso_mensual","puesto","departamento"
428,60,49467.00,Sales Executive,Sales
987,39,49434.00,Sales Executive,Sales
1057,28,49368.00,Sales Representative,Sales
53,44,49104.00,Sales Executive,Sales
1343,34,48840.00,Sales Executive,Sales
707,40,48807.00,Sales Executive,Sales
1026,24,48708.00,Sales Executive,Sales
1370,28,48675.00,Sales Executive,Sales
470,32,48642.00,Sales Executive,Sales
118,36,48411.00,Sales Executive,Sales
1125,39,48246.00,Sales Executive,Sales
1237,36,48048.00,Sales Executive,Sales
666,47,47982.00,Sales Representative,Sales
914,45,47817.00,Sales Manager,Sales
415,24,47784.00,Sales Representative,Sales
751,44,47784.00,Sales Executive,Sales
55,26,47619.00,Sales Executive,Sales
1372,56,47619.00,Sales Executive,Sales
1088,34,47520.00,Sales Representative,Sales
153,53,47388.00,Sales Representative,Sales
64,59,47355.00,Sales Executive,Sales
570,36,47322.00,Sales Executive,Sales
1317,43,46926.00,Sales Executive,Sales
496,27,46860.00,Sales Representative,Sales
228,29,46629.00,Sales Executive,Sales
522,27,46530.00,Sales Executive,Sales
1392,38,46332.00,Sales Representative,Sales
698,29,46332.00,Sales Representative,Sales
862,46,46266.00,Sales Manager,Sales
1101,35,46266.00,Sales Representative,Sales
239,32,46233.00,Sales Representative,Sales
835,34,46200.00,Sales Executive,Sales
424,30,46134.00,Sales Executive,Sales
418,40,46134.00,Sales Manager,Sales
547,29,46068.00,Sales Representative,Sales
1434,25,45606.00,Sales Executive,Sales
394,34,45573.00,Sales Executive,Sales
321,27,45441.00,Sales Executive,Sales
702,53,45408.00,Sales Manager,Sales
1268,34,45375.00,Sales Executive,Sales
994,25,45276.00,Sales Executive,Sales
850,43,45276.00,Sales Executive,Sales
381,24,45243.00,Sales Executive,Sales
483,31,45045.00,Sales Executive,Sales
379,34,44946.00,Sales Executive,Sales
871,35,44913.00,Sales Executive,Sales
1050,30,44814.00,Sales Executive,Sales
183,41,44748.00,Sales Representative,Sales
886,25,44748.00,Sales Executive,Sales
97,24,44649.00,Sales Executive,Sales
497,21,44319.00,Sales Representative,Sales
1095,40,44286.00,Sales Executive,Sales
168,30,44187.00,Sales Executive,Sales
93,30,44022.00,Sales Executive,Sales
764,34,43989.00,Sales Representative,Sales
866,30,43857.00,Sales Executive,Sales
138,39,43857.00,Sales Executive,Sales
262,38,43791.00,Sales Executive,Sales
1049,34,43758.00,Sales Executive,Sales
1417,38,43593.00,Sales Executive,Sales
1328,46,43527.00,Sales Executive,Sales
1320,32,43494.00,Sales Executive,Sales
617,51,43494.00,Sales Manager,Sales
1255,49,43329.00,Sales Executive,Sales
348,47,43197.00,Sales Representative,Sales
458,18,43098.00,Sales Representative,Sales
971,27,42603.00,Sales Representative,Sales
1110,30,42504.00,Sales Executive,Sales
686,26,42339.00,Sales Executive,Sales
1254,33,42339.00,Sales Executive,Sales
1212,37,42174.00,Sales Executive,Sales
1236,46,42141.00,Sales Executive,Sales
467,41,42108.00,Sales Manager,Sales
175,45,41844.00,Sales Executive,Sales
1341,36,41778.00,Sales Executive,Sales
1334,46,41382.00,Sales Executive,Sales
653,37,41316.00,Sales Executive,Sales
1367,39,41283.00,Sales Executive,Sales
255,29,41151.00,Sales Executive,Sales
1064,29,41118.00,Sales Executive,Sales
1120,38,41085.00,Sales Executive,Sales
1106,33,40986.00,Sales Executive,Sales
213,27,40986.00,Sales Executive,Sales
1386,34,40887.00,Sales Executive,Sales
756,45,40722.00,Sales Manager,Sales
298,35,40656.00,Sales Executive,Sales
649,37,40623.00,Sales Representative,Sales
709,36,40557.00,Sales Executive,Sales
71,59,40425.00,Sales Executive,Sales
1195,47,40425.00,Sales Manager,Sales
1393,35,40392.00,Sales Executive,Sales
1039,48,40293.00,Sales Executive,Sales
19,53,40227.00,Sales Manager,Sales
699,35,40227.00,Sales Executive,Sales
22,36,40194.00,Sales Representative,Sales
500,33,40128.00,Sales Executive,Sales
889,35,39996.00,Sales Executive,Sales
49,46,39963.00,Sales Executive,Sales
266,29,39930.00,Sales Executive,Sales
1197,41,39798.00,Sales Executive,Sales
792,35,39732.00,Sales Executive,Sales
116,37,39237.00,Sales Executive,Sales
680,31,39204.00,Sales Executive,Sales
608,49,39072.00,Sales Executive,Sales
867,40,39072.00,Sales Executive,Sales
821,35,39006.00,Sales Executive,Sales
537,60,38907.00,Sales Executive,Sales
1217,43,38907.00,Sales Executive,Sales
377,51,38874.00,Sales Executive,Sales
508,29,38808.00,Sales Executive,Sales
1012,36,38742.00,Sales Executive,Sales
1338,28,38676.00,Sales Representative,Sales
1397,53,38544.00,Sales Executive,Sales
1465,26,38511.00,Sales Representative,Sales
328,39,38346.00,Sales Executive,Sales
1103,36,38181.00,Sales Representative,Sales
1418,31,38082.00,Sales Representative,Sales
220,54,37851.00,Sales Executive,Sales
873,33,37818.00,Sales Executive,Sales
574,26,37818.00,Sales Executive,Sales
765,28,37752.00,Sales Representative,Sales
40,33,37653.00,Sales Executive,Sales
1179,20,37653.00,Sales Representative,Sales
340,27,37290.00,Sales Executive,Sales
434,46,37125.00,Sales Executive,Sales
1307,31,37125.00,Sales Executive,Sales
336,40,37092.00,Sales Executive,Sales
1454,36,36960.00,Sales Executive,Sales
446,55,36861.00,Sales Manager,Sales
1192,31,36696.00,Sales Executive,Sales
584,34,36663.00,Sales Executive,Sales
991,33,36663.00,Sales Executive,Sales
1,41,36366.00,Sales Executive,Sales
908,44,36267.00,Sales Manager,Sales
459,40,36102.00,Sales Executive,Sales
1224,47,36069.00,Sales Executive,Sales
95,32,36069.00,Sales Executive,Sales
556,29,35970.00,Sales Representative,Sales
759,59,35937.00,Sales Manager,Sales
403,30,35706.00,Sales Executive,Sales
772,54,35706.00,Sales Executive,Sales
1359,31,35607.00,Sales Executive,Sales
1258,31,35607.00,Sales Executive,Sales
47,34,35145.00,Sales Executive,Sales
953,31,34980.00,Sales Representative,Sales
219,45,34716.00,Sales Executive,Sales
806,45,34650.00,Sales Executive,Sales
211,32,34485.00,Sales Executive,Sales
755,33,34254.00,Sales Representative,Sales
748,38,34155.00,Sales Executive,Sales
236,43,34122.00,Sales Manager,Sales
948,52,33990.00,Sales Executive,Sales
1469,49,33759.00,Sales Executive,Sales
961,41,33594.00,Sales Executive,Sales
964,38,33297.00,Sales Executive,Sales
1248,31,33099.00,Sales Executive,Sales
44,27,32802.00,Sales Executive,Sales
1189,29,32703.00,Sales Executive,Sales
1252,30,32307.00,Sales Executive,Sales
242,32,32208.00,Sales Executive,Sales
1085,34,32043.00,Sales Executive,Sales
803,33,32010.00,Sales Executive,Sales
155,32,31911.00,Sales Executive,Sales
1238,32,31812.00,Sales Executive,Sales
802,50,31647.00,Sales Executive,Sales
139,25,31647.00,Sales Executive,Sales
720,47,31515.00,Sales Executive,Sales
565,45,31482.00,Sales Representative,Sales
1394,27,31482.00,Sales Executive,Sales
294,26,31350.00,Sales Executive,Sales
1339,30,31185.00,Sales Representative,Sales
229,35,31152.00,Sales Executive,Sales
1385,34,30921.00,Sales Executive,Sales
356,26,30789.00,Sales Executive,Sales
1449,41,30690.00,Sales Executive,Sales
626,45,30690.00,Sales Executive,Sales
528,32,30657.00,Sales Executive,Sales
622,36,30624.00,Sales Executive,Sales
1219,41,30294.00,Sales Executive,Sales
402,56,29898.00,Sales Executive,Sales
307,32,29898.00,Sales Executive,Sales
706,39,29799.00,Sales Executive,Sales
216,41,29568.00,Sales Manager,Sales
34,39,29535.00,Sales Representative,Sales
363,21,29535.00,Sales Representative,Sales
398,25,29403.00,Sales Executive,Sales
38,35,29370.00,Sales Representative,Sales
1122,36,29172.00,Sales Executive,Sales
564,25,29139.00,Sales Executive,Sales
705,35,29106.00,Sales Executive,Sales
1187,35,29040.00,Sales Executive,Sales
1453,50,28974.00,Sales Executive,Sales
37,50,28677.00,Sales Representative,Sales
647,53,28644.00,Sales Executive,Sales
684,25,28611.00,Sales Representative,Sales
1042,28,28578.00,Sales Executive,Sales
851,32,28446.00,Sales Representative,Sales
1014,30,28215.00,Sales Executive,Sales
234,50,28182.00,Sales Manager,Sales
57,35,28149.00,Sales Executive,Sales
845,30,28116.00,Sales Executive,Sales
1286,46,28017.00,Sales Executive,Sales
359,36,27885.00,Sales Executive,Sales
1062,24,27390.00,Sales Representative,Sales
577,27,27357.00,Sales Executive,Sales
451,31,27324.00,Sales Executive,Sales
660,28,27093.00,Sales Executive,Sales
521,48,26961.00,Sales Executive,Sales
302,18,26796.00,Sales Representative,Sales
518,25,26730.00,Sales Executive,Sales
1301,34,26730.00,Sales Executive,Sales
132,50,26697.00,Sales Executive,Sales
134,41,26466.00,Sales Executive,Sales
1432,32,26433.00,Sales Executive,Sales
1296,41,26268.00,Sales Executive,Sales
975,27,26169.00,Sales Executive,Sales
819,31,26169.00,Sales Representative,Sales
1059,34,26070.00,Sales Executive,Sales
1365,28,25839.00,Sales Executive,Sales
77,35,25608.00,Sales Executive,Sales
461,26,25575.00,Sales Executive,Sales
549,43,25575.00,Sales Executive,Sales
238,52,25443.00,Sales Manager,Sales
808,38,25410.00,Sales Executive,Sales
777,20,25377.00,Sales Representative,Sales
1293,39,25278.00,Sales Executive,Sales
1168,35,25179.00,Sales Executive,Sales
613,28,25080.00,Sales Executive,Sales
388,40,25047.00,Sales Executive,Sales
358,21,24948.00,Sales Representative,Sales
1396,31,24882.00,Sales Executive,Sales
122,33,24750.00,Sales Executive,Sales
350,29,24618.00,Sales Executive,Sales
1366,29,24618.00,Sales Representative,Sales
1107,30,24420.00,Sales Executive,Sales
1163,35,24321.00,Sales Executive,Sales
985,28,24288.00,Sales Executive,Sales
1360,34,24255.00,Sales Executive,Sales
1329,27,24024.00,Sales Representative,Sales
1198,20,23991.00,Sales Representative,Sales
1309,38,23859.00,Sales Representative,Sales
711,33,23826.00,Sales Manager,Sales
1463,39,23826.00,Sales Executive,Sales
567,47,23727.00,Sales Executive,Sales
1145,31,23595.00,Sales Executive,Sales
1205,48,23364.00,Sales Representative,Sales
30,46,23265.00,Sales Manager,Sales
1447,34,23232.00,Sales Executive,Sales
476,26,23199.00,Sales Executive,Sales
533,47,23199.00,Sales Executive,Sales
981,31,23199.00,Sales Representative,Sales
169,38,23166.00,Sales Executive,Sales
880,60,22968.00,Sales Executive,Sales
526,24,22869.00,Sales Executive,Sales
28,42,22803.00,Sales Executive,Sales
322,31,22803.00,Sales Executive,Sales
145,32,22737.00,Sales Executive,Sales
457,31,22704.00,Sales Manager,Sales
1117,55,22605.00,Sales Manager,Sales
99,58,22506.00,Sales Executive,Sales
1381,35,22506.00,Sales Executive,Sales
90,46,22077.00,Sales Executive,Sales
1013,31,22011.00,Sales Representative,Sales
982,35,21846.00,Sales Executive,Sales
152,35,21846.00,Sales Executive,Sales
625,53,21813.00,Sales Executive,Sales
1060,35,21780.00,Sales Representative,Sales
685,40,21714.00,Sales Executive,Sales
877,20,21582.00,Sales Representative,Sales
840,42,21351.00,Sales Executive,Sales
404,41,21285.00,Sales Executive,Sales
355,30,21153.00,Sales Executive,Sales
1439,23,21054.00,Sales Representative,Sales
443,36,20955.00,Sales Executive,Sales
282,42,20955.00,Sales Executive,Sales
92,51,20856.00,Sales Executive,Sales
159,40,20790.00,Sales Executive,Sales
696,37,20625.00,Sales Executive,Sales
479,25,20526.00,Sales Representative,Sales
562,52,20493.00,Sales Manager,Sales
448,35,20427.00,Sales Executive,Sales
1243,40,20163.00,Sales Manager,Sales
969,36,20031.00,Sales Executive,Sales
1375,58,19965.00,Sales Manager,Sales
936,32,19932.00,Sales Executive,Sales
830,33,19899.00,Sales Executive,Sales
172,19,19866.00,Sales Representative,Sales
1027,32,19833.00,Sales Executive,Sales
912,25,19767.00,Sales Representative,Sales
1277,37,19437.00,Sales Executive,Sales
1315,45,19437.00,Sales Executive,Sales
320,32,19404.00,Sales Executive,Sales
951,31,19371.00,Sales Executive,Sales
620,33,19338.00,Sales Executive,Sales
1435,52,19305.00,Sales Representative,Sales
639,25,19239.00,Sales Executive,Sales
534,40,19140.00,Sales Executive,Sales
369,40,18975.00,Sales Executive,Sales
1310,26,18876.00,Sales Executive,Sales
1068,47,18843.00,Sales Executive,Sales
339,30,18810.00,Sales Executive,Sales
1136,46,18579.00,Sales Manager,Sales
529,50,18546.00,Sales Executive,Sales
453,45,18513.00,Sales Executive,Sales
487,37,18414.00,Sales Executive,Sales
1440,36,18381.00,Sales Executive,Sales
296,42,18315.00,Sales Executive,Sales
1154,18,17952.00,Sales Representative,Sales
1235,47,17919.00,Sales Executive,Sales
133,31,17886.00,Sales Executive,Sales
360,36,17853.00,Sales Executive,Sales
988,51,17853.00,Sales Executive,Sales
87,23,17853.00,Sales Representative,Sales
909,33,17688.00,Sales Executive,Sales
471,24,17655.00,Sales Representative,Sales
927,43,17523.00,Sales Executive,Sales
1199,33,17490.00,Sales Executive,Sales
694,36,17490.00,Sales Executive,Sales
353,48,17490.00,Sales Manager,Sales
1221,36,17490.00,Sales Representative,Sales
128,19,17424.00,Sales Representative,Sales
179,46,17358.00,Sales Executive,Sales
485,31,17325.00,Sales Executive,Sales
1271,34,16863.00,Sales Executive,Sales
1351,27,16863.00,Sales Executive,Sales
329,33,16764.00,Sales Executive,Sales
965,34,16731.00,Sales Executive,Sales
546,30,16533.00,Sales Executive,Sales
1437,21,16533.00,Sales Representative,Sales
663,20,16500.00,Sales Representative,Sales
992,32,16467.00,Sales Executive,Sales
1104,48,16236.00,Sales Executive,Sales
264,46,16104.00,Sales Manager,Sales
839,42,15873.00,Sales Executive,Sales
1173,29,15477.00,Sales Executive,Sales
1071,28,15411.00,Sales Executive,Sales
673,42,15246.00,Sales Executive,Sales
481,30,14784.00,Sales Representative,Sales
293,31,14652.00,Sales Representative,Sales
1411,40,14652.00,Sales Executive,Sales
283,29,14586.00,Sales Executive,Sales
1121,38,14421.00,Sales Executive,Sales
609,55,14388.00,Sales Executive,Sales
1048,33,14190.00,Sales Executive,Sales
1250,29,14124.00,Sales Representative,Sales
1214,23,14091.00,Sales Representative,Sales
689,19,13827.00,Sales Representative,Sales
1379,42,13827.00,Sales Executive,Sales
776,43,13695.00,Sales Executive,Sales
1327,32,13662.00,Sales Executive,Sales
438,30,13629.00,Sales Representative,Sales
1462,50,13530.00,Sales Executive,Sales
837,29,13464.00,Sales Executive,Sales
811,46,13398.00,Sales Manager,Sales
643,38,13035.00,Sales Representative,Sales
120,43,13002.00,Sales Manager,Sales
1190,33,12936.00,Sales Executive,Sales
581,35,12672.00,Sales Representative,Sales
1052,44,12639.00,Sales Executive,Sales
1022,25,12639.00,Sales Representative,Sales
642,32,12507.00,Sales Executive,Sales
1032,46,12441.00,Sales Executive,Sales
1455,45,12342.00,Sales Executive,Sales
1242,32,12243.00,Sales Executive,Sales
1302,58,11550.00,Sales Manager,Sales
364,33,11550.00,Sales Representative,Sales
1452,38,11385.00,Sales Executive,Sales
629,37,11286.00,Sales Executive,Sales
646,29,11253.00,Sales Representative,Sales
1357,41,11121.00,Sales Executive,Sales
1272,21,11121.00,Sales Representative,Sales
1144,45,11088.00,Sales Executive,Sales
1356,36,11055.00,Sales Executive,Sales
301,41,11022.00,Sales Manager,Sales
217,30,11022.00,Sales Executive,Sales
1020,36,10857.00,Sales Executive,Sales
898,59,10758.00,Sales Executive,Sales
1031,31,10758.00,Sales Executive,Sales
278,38,10626.00,Sales Executive,Sales
227,37,10527.00,Sales Representative,Sales
540,50,10428.00,Sales Representative,Sales
796,37,10197.00,Sales Executive,Sales
505,45,10098.00,Sales Executive,Sales
375,28,10032.00,Sales Executive,Sales
568,34,10032.00,Sales Executive,Sales
1282,35,9999.00,Sales Executive,Sales
160,34,9999.00,Sales Representative,Sales
1448,36,9933.00,Sales Executive,Sales
769,40,9900.00,Sales Executive,Sales
947,40,9867.00,Sales Executive,Sales
416,34,9768.00,Sales Representative,Sales
447,41,8811.00,Sales Executive,Sales
976,55,8811.00,Sales Executive,Sales
750,52,8778.00,Sales Manager,Sales
742,42,8745.00,Sales Manager,Sales
749,26,8745.00,Sales Executive,Sales
1127,50,8712.00,Sales Manager,Sales
463,34,8514.00,Sales Executive,Sales
952,41,8448.00,Sales Executive,Sales
125,31,8217.00,Sales Executive,Sales
652,47,8217.00,Sales Executive,Sales
519,38,8019.00,Sales Executive,Sales
108,25,7920.00,Sales Executive,Sales
503,53,7854.00,Sales Executive,Sales
919,51,7821.00,Sales Manager,Sales
1429,32,7722.00,Sales Representative,Sales
703,30,7623.00,Sales Executive,Sales
274,37,7524.00,Sales Executive,Sales
1081,46,7524.00,Sales Manager,Sales
304,31,7194.00,Sales Executive,Sales
1364,33,7161.00,Sales Executive,Sales
545,47,7161.00,Sales Executive,Sales
758,34,7128.00,Sales Executive,Sales
1256,33,6963.00,Sales Executive,Sales
425,57,6930.00,Sales Manager,Sales
332,27,6930.00,Sales Executive,Sales
997,27,6765.00,Sales Executive,Sales
495,34,6732.00,Sales Representative,Sales
382,30,6666.00,Sales Representative,Sales
1275,31,6468.00,Sales Executive,Sales
462,35,6435.00,Sales Executive,Sales
822,49,5742.00,Sales Executive,Sales
917,46,5544.00,Sales Manager,Sales
385,36,5412.00,Sales Executive,Sales
445,48,5379.00,Sales Executive,Sales
371,21,5148.00,Sales Representative,Sales
676,31,5082.00,Sales Representative,Sales
704,38,5016.00,Sales Executive,Sales
752,50,4785.00,Sales Executive,Sales
344,29,4752.00,Sales Executive,Sales
367,41,4719.00,Sales Executive,Sales
468,37,4686.00,Sales Executive,Sales
635,25,4653.00,Sales Executive,Sales
918,34,4323.00,Sales Executive,Sales
812,38,4290.00,Sales Executive,Sales
761,53,4092.00,Sales Executive,Sales
206,29,3993.00,Sales Executive,Sales
98,28,3960.00,Sales Executive,Sales
1404,39,3927.00,Sales Executive,Sales
224,38,3927.00,Sales Executive,Sales
1133,40,3894.00,Sales Executive,Sales
592,33,3894.00,Sales Executive,Sales
623,32,3861.00,Sales Executive,Sales
1058,29,3795.00,Sales Executive,Sales
83,55,3663.00,Sales Executive,Sales
885,40,3531.00,Sales Executive,Sales
