department,job_role,total_headcount,total_bajas,python_attrition_rate
Finance,CFO,77,1,1.3
Finance,Financial Analyst,66,4,6.06
Finance,Tax Specialist,64,2,3.12
Finance,Finance Manager,78,2,2.56
Finance,Accountant,67,3,4.48
Human Resources,Human Resources,52,12,23.08
Human Resources,Manager,11,0,0.0
IT,IT Manager,129,1,0.78
IT,DevOps Engineer,127,2,1.57
IT,System Admin,132,4,3.03
IT,Software Developer,131,1,0.76
IT,Data Engineer,148,2,1.35
Operations,Operations Analyst,100,2,2.0
Operations,Operations Director,110,3,2.73
Operations,Logistics,108,4,3.7
Operations,Operations Manager,101,4,3.96
Operations,Supply Chain,92,0,0.0
Research & Development,Healthcare Representative,131,9,6.87
Research & Development,Research Scientist,292,47,16.1
Research & Development,Laboratory Technician,259,62,23.94
Research & Development,Manager,54,3,5.56
Research & Development,Manufacturing Director,145,10,6.9
Research & Development,Research Director,80,2,2.5
Sales,Sales Representative,83,33,39.76
Sales,Sales Executive,326,57,17.48
Sales,Manager,37,2,5.41
