employee_id,employee_number,monthly_income,performance_rating
EMP0000001,1,36366.0,3.0
EMP0000002,2,9207.0,4.0
EMP0000003,3,45309.0,3.0
EMP0000004,4,0.0,3.0
EMP0000005,5,19503.0,3.0
EMP0000006,6,33165.0,3.0
EMP0000007,7,43692.0,4.0
EMP0000008,8,44814.0,4.0
EMP0000009,9,7128.0,4.0
EMP0000010,10,42867.0,3.0
EMP0000011,11,26697.0,3.0
EMP0000012,12,5049.0,3.0
EMP0000013,13,22110.0,3.0
EMP0000014,14,44418.0,3.0
EMP0000015,15,3399.0,3.0
EMP0000016,16,45837.0,3.0
EMP0000017,17,11022.0,3.0
EMP0000018,18,37059.0,3.0
EMP0000019,19,40227.0,3.0
EMP0000020,20,12243.0,3.0
EMP0000021,21,22209.0,3.0
EMP0000022,22,40194.0,4.0
EMP0000023,23,0.0,3.0
EMP0000024,24,12903.0,3.0
EMP0000025,25,23067.0,3.0
EMP0000026,26,42306.0,3.0
EMP0000027,27,37125.0,4.0
EMP0000028,28,22803.0,3.0
EMP0000029,29,15741.0,3.0
EMP0000030,30,23265.0,3.0
EMP0000031,31,30492.0,3.0
EMP0000032,32,48147.0,3.0
EMP0000033,33,4125.0,3.0
EMP0000034,34,0.0,3.0
EMP0000035,35,26829.0,3.0
EMP0000036,36,42009.0,3.0
EMP0000037,37,28677.0,3.0
EMP0000038,38,29370.0,3.0
EMP0000039,39,28116.0,3.0
EMP0000040,40,37653.0,3.0
EMP0000041,41,15312.0,3.0
EMP0000043,43,44781.0,3.0
EMP0000044,44,32802.0,3.0
EMP0000045,45,23793.0,4.0
EMP0000046,46,44880.0,3.0
EMP0000047,47,35145.0,4.0
EMP0000048,48,13464.0,4.0
EMP0000049,49,39963.0,4.0
EMP0000050,50,40557.0,3.0
EMP0000051,51,20658.0,3.0
EMP0000053,53,49104.0,4.0
EMP0000054,54,36201.0,3.0
EMP0000055,55,47619.0,3.0
EMP0000056,56,16995.0,3.0
EMP0000057,57,28149.0,4.0
EMP0000058,58,37686.0,3.0
EMP0000059,59,21615.0,4.0
EMP0000060,60,36795.0,3.0
EMP0000061,61,14091.0,4.0
EMP0000062,62,21549.0,3.0
EMP0000042,42,0.0,3.0
EMP0000064,64,47355.0,3.0
EMP0000065,65,40359.0,3.0
EMP0000066,66,27588.0,3.0
EMP0000067,67,39435.0,3.0
EMP0000068,68,44187.0,3.0
EMP0000069,69,21912.0,3.0
EMP0000070,70,10494.0,3.0
EMP0000071,71,40425.0,3.0
EMP0000072,72,43824.0,4.0
EMP0000073,73,35706.0,3.0
EMP0000074,74,18084.0,3.0
EMP0000075,75,4356.0,3.0
EMP0000076,76,24618.0,4.0
EMP0000077,77,25608.0,3.0
EMP0000078,78,6369.0,3.0
EMP0000079,79,13101.0,3.0
EMP0000080,80,31185.0,4.0
EMP0000081,81,28116.0,3.0
EMP0000082,82,40062.0,3.0
EMP0000083,83,3663.0,3.0
EMP0000084,84,18909.0,3.0
EMP0000085,85,38049.0,3.0
EMP0000086,86,46200.0,3.0
EMP0000087,87,17853.0,3.0
EMP0000088,88,25000.0,4.0
EMP0000089,89,9504.0,3.0
EMP0000090,90,22077.0,3.0
EMP0000092,92,20856.0,4.0
EMP0000093,93,44022.0,3.0
EMP0000094,94,21054.0,3.0
EMP0000095,95,36069.0,3.0
EMP0000096,96,40161.0,3.0
EMP0000097,97,44649.0,4.0
EMP0000098,98,3960.0,3.0
EMP0000099,99,22506.0,3.0
EMP0000100,100,16137.0,3.0
EMP0000101,101,-26631.0,4.0
EMP0000102,102,27291.0,3.0
EMP0000103,103,28743.0,3.0
EMP0000104,104,21945.0,3.0
EMP0000105,105,34320.0,3.0
EMP0000106,106,46860.0,4.0
EMP0000108,108,7920.0,3.0
EMP0000109,109,42240.0,3.0
EMP0000110,110,17622.0,3.0
EMP0000111,111,48048.0,4.0
EMP0000112,112,21714.0,4.0
EMP0000113,113,4686.0,3.0
EMP0000114,114,25000.0,3.0
EMP0000115,115,34023.0,3.0
EMP0000116,116,39237.0,3.0
EMP0000117,117,44682.0,3.0
EMP0000118,118,48411.0,3.0
EMP0000119,119,30426.0,4.0
EMP0000120,120,13002.0,3.0
EMP0000121,121,43296.0,4.0
EMP0000122,122,24750.0,3.0
EMP0000123,123,14553.0,3.0
EMP0000124,124,22572.0,3.0
EMP0000125,125,8217.0,3.0
EMP0000126,126,27753.0,3.0
EMP0000127,127,4851.0,3.0
EMP0000128,128,17424.0,3.0
EMP0000129,129,19602.0,3.0
EMP0000130,130,15510.0,3.0
EMP0000131,131,31581.0,3.0
EMP0000132,132,26697.0,3.0
EMP0000133,133,17886.0,3.0
EMP0000134,134,26466.0,3.0
EMP0000135,135,44715.0,4.0
EMP0000136,136,7128.0,4.0
EMP0000137,137,37950.0,3.0
EMP0000138,138,43857.0,3.0
EMP0000139,139,31647.0,3.0
EMP0000140,140,40920.0,3.0
EMP0000141,141,34089.0,4.0
EMP0000142,142,43428.0,3.0
EMP0000143,143,12012.0,4.0
EMP0000144,144,14454.0,3.0
EMP0000145,145,22737.0,3.0
EMP0000146,146,6633.0,3.0
EMP0000147,147,47091.0,3.0
EMP0000148,148,28281.0,3.0
EMP0000149,149,30789.0,4.0
EMP0000150,150,38973.0,3.0
EMP0000151,151,46035.0,3.0
EMP0000152,152,21846.0,3.0
EMP0000153,153,47388.0,4.0
EMP0000154,154,6402.0,3.0
EMP0000155,155,31911.0,3.0
EMP0000156,156,49368.0,3.0
EMP0000157,157,38577.0,3.0
EMP0000158,158,37785.0,4.0
EMP0000159,159,20790.0,3.0
EMP0000160,160,9999.0,3.0
EMP0000161,161,41448.0,4.0
EMP0000162,162,22803.0,3.0
EMP0000163,163,14520.0,3.0
EMP0000164,164,11022.0,3.0
EMP0000165,165,47850.0,3.0
EMP0000166,166,47916.0,3.0
EMP0000167,167,15345.0,3.0
EMP0000168,168,44187.0,3.0
EMP0000169,169,23166.0,4.0
EMP0000170,170,3960.0,4.0
EMP0000171,171,38181.0,3.0
EMP0000172,172,19866.0,4.0
EMP0000173,173,48840.0,3.0
EMP0000174,174,3663.0,3.0
EMP0000175,175,41844.0,3.0
EMP0000176,176,0.0,3.0
EMP0000177,177,4422.0,3.0
EMP0000178,178,9999.0,4.0
EMP0000179,179,17358.0,4.0
EMP0000180,180,45540.0,3.0
EMP0000181,181,4620.0,4.0
EMP0000182,182,20757.0,3.0
EMP0000183,183,44748.0,4.0
EMP0000184,184,25000.0,3.0
EMP0000185,185,35772.0,3.0
EMP0000186,186,0.0,3.0
EMP0000187,187,32637.0,3.0
EMP0000188,188,22836.0,3.0
EMP0000189,189,35277.0,3.0
EMP0000190,190,10329.0,3.0
EMP0000191,191,23067.0,3.0
EMP0000192,192,29502.0,3.0
EMP0000193,193,18348.0,3.0
EMP0000194,194,44352.0,3.0
EMP0000195,195,39435.0,4.0
EMP0000196,196,9570.0,3.0
EMP0000197,197,4554.0,3.0
EMP0000198,198,30558.0,3.0
EMP0000199,199,41613.0,3.0
EMP0000200,200,35772.0,3.0
EMP0000201,201,15576.0,3.0
EMP0000202,202,0.0,3.0
EMP0000203,203,434610.0,3.0
EMP0000204,204,447975.0,3.0
EMP0000205,205,38940.0,3.0
EMP0000206,206,3993.0,4.0
EMP0000208,208,20955.0,3.0
EMP0000209,209,37983.0,3.0
EMP0000210,210,21252.0,3.0
EMP0000211,211,34485.0,3.0
EMP0000213,213,40986.0,3.0
EMP0000215,215,25000.0,3.0
EMP0000216,216,29568.0,3.0
EMP0000218,218,32736.0,3.0
EMP0000219,219,34716.0,3.0
EMP0000220,220,37851.0,3.0
EMP0000221,221,46068.0,3.0
EMP0000222,222,4851.0,4.0
EMP0000223,223,21879.0,3.0
EMP0000224,224,0.0,3.0
EMP0000225,225,32307.0,3.0
EMP0000226,226,4686.0,3.0
EMP0000227,227,10527.0,3.0
EMP0000228,228,46629.0,3.0
EMP0000229,229,31152.0,3.0
EMP0000230,230,29568.0,3.0
EMP0000231,231,0.0,3.0
EMP0000232,232,17556.0,3.0
EMP0000233,233,26994.0,3.0
EMP0000234,234,28182.0,3.0
EMP0000235,235,26829.0,3.0
EMP0000236,236,34122.0,4.0
EMP0000237,237,15345.0,4.0
EMP0000238,238,25443.0,3.0
EMP0000239,239,46233.0,3.0
EMP0000240,240,16995.0,3.0
EMP0000241,241,47223.0,3.0
EMP0000242,242,32208.0,3.0
EMP0000243,243,46563.0,3.0
EMP0000244,244,42900.0,3.0
EMP0000245,245,0.0,3.0
EMP0000246,246,43791.0,3.0
EMP0000247,247,0.0,3.0
EMP0000248,248,15510.0,3.0
EMP0000249,249,25000.0,3.0
EMP0000250,250,39567.0,3.0
EMP0000251,251,16632.0,3.0
EMP0000252,252,16665.0,4.0
EMP0000253,253,21945.0,3.0
EMP0000254,254,30228.0,3.0
EMP0000255,255,0.0,3.0
EMP0000256,256,22605.0,3.0
EMP0000257,257,8877.0,3.0
EMP0000259,259,27489.0,3.0
EMP0000260,260,10131.0,3.0
EMP0000261,261,43263.0,4.0
EMP0000262,262,43791.0,3.0
EMP0000263,263,4224.0,3.0
EMP0000264,264,16104.0,3.0
EMP0000265,265,17457.0,3.0
EMP0000267,267,48279.0,4.0
EMP0000269,269,45705.0,3.0
EMP0000270,270,46299.0,3.0
EMP0000271,271,14916.0,3.0
EMP0000272,272,21978.0,3.0
EMP0000273,273,38214.0,4.0
EMP0000274,274,7524.0,3.0
EMP0000275,275,32868.0,3.0
EMP0000276,276,24024.0,3.0
EMP0000277,277,43395.0,3.0
EMP0000278,278,0.0,4.0
EMP0000279,279,48807.0,4.0
EMP0000266,266,39930.0,3.0
EMP0000280,280,26301.0,3.0
EMP0000281,281,35310.0,3.0
EMP0000282,282,20955.0,4.0
EMP0000283,283,-14586.0,3.0
EMP0000284,284,0.0,3.0
EMP0000286,286,45276.0,3.0
EMP0000287,287,30360.0,4.0
EMP0000288,288,22704.0,3.0
EMP0000289,289,0.0,3.0
EMP0000290,290,36861.0,4.0
EMP0000291,291,20988.0,3.0
EMP0000292,292,16698.0,3.0
EMP0000293,293,14652.0,3.0
EMP0000294,294,31350.0,3.0
EMP0000295,295,29337.0,3.0
EMP0000296,296,18315.0,3.0
EMP0000297,297,7590.0,3.0
EMP0000298,298,40656.0,3.0
EMP0000299,299,18678.0,3.0
EMP0000300,300,42966.0,3.0
EMP0000301,301,11022.0,3.0
EMP0000302,302,26796.0,3.0
EMP0000303,303,48708.0,3.0
EMP0000304,304,0.0,3.0
EMP0000305,305,37356.0,3.0
EMP0000306,306,36465.0,3.0
EMP0000307,307,29898.0,3.0
EMP0000308,308,28017.0,3.0
EMP0000309,309,12870.0,3.0
EMP0000310,310,22803.0,3.0
EMP0000312,312,41217.0,3.0
EMP0000313,313,6336.0,3.0
EMP0000314,314,18249.0,3.0
EMP0000315,315,3861.0,3.0
EMP0000316,316,6105.0,3.0
EMP0000317,317,36003.0,3.0
EMP0000318,318,23859.0,3.0
EMP0000319,319,40260.0,3.0
EMP0000320,320,19404.0,3.0
EMP0000321,321,45441.0,3.0
EMP0000322,322,22803.0,3.0
EMP0000324,324,38181.0,3.0
EMP0000326,326,26334.0,4.0
EMP0000327,327,22176.0,3.0
EMP0000328,328,-38346.0,3.0
EMP0000329,329,16764.0,3.0
EMP0000330,330,48906.0,3.0
EMP0000331,331,18447.0,3.0
EMP0000332,332,6930.0,3.0
EMP0000334,334,0.0,3.0
EMP0000335,335,18117.0,3.0
EMP0000336,336,37092.0,4.0
EMP0000338,338,24354.0,3.0
EMP0000339,339,18810.0,3.0
EMP0000340,340,37290.0,3.0
EMP0000341,341,39336.0,3.0
EMP0000323,323,33594.0,3.0
EMP0000333,333,30624.0,3.0
EMP0000342,342,11319.0,3.0
EMP0000343,343,40656.0,3.0
EMP0000344,344,4752.0,3.0
EMP0000345,345,42768.0,3.0
EMP0000346,346,43197.0,3.0
EMP0000347,347,15939.0,3.0
EMP0000348,348,43197.0,3.0
EMP0000349,349,26730.0,3.0
EMP0000350,350,24618.0,3.0
EMP0000351,351,17952.0,3.0
EMP0000352,352,35046.0,3.0
EMP0000353,353,17490.0,4.0
EMP0000354,354,43527.0,3.0
EMP0000355,355,21153.0,3.0
EMP0000356,356,30789.0,3.0
EMP0000357,357,43956.0,4.0
EMP0000359,359,27885.0,3.0
EMP0000360,360,17853.0,3.0
EMP0000361,361,19569.0,3.0
EMP0000362,362,38643.0,3.0
EMP0000363,363,29535.0,4.0
EMP0000364,364,11550.0,3.0
EMP0000365,365,0.0,4.0
EMP0000366,366,37752.0,3.0
EMP0000367,367,4719.0,3.0
EMP0000368,368,34518.0,3.0
EMP0000369,369,18975.0,3.0
EMP0000370,370,13464.0,3.0
EMP0000372,372,42339.0,3.0
EMP0000373,373,24915.0,3.0
EMP0000374,374,48477.0,3.0
EMP0000375,375,10032.0,3.0
EMP0000376,376,41613.0,4.0
EMP0000377,377,38874.0,3.0
EMP0000378,378,1.0,3.0
EMP0000379,379,44946.0,3.0
EMP0000380,380,43263.0,3.0
EMP0000382,382,6666.0,3.0
EMP0000383,383,18975.0,4.0
EMP0000384,384,8349.0,3.0
EMP0000385,385,5412.0,3.0
EMP0000386,386,15312.0,4.0
EMP0000387,387,36531.0,3.0
EMP0000388,388,25047.0,3.0
EMP0000389,389,6633.0,3.0
EMP0000390,390,43065.0,3.0
EMP0000391,391,32406.0,3.0
EMP0000392,392,18315.0,4.0
EMP0000393,393,27093.0,3.0
EMP0000394,394,45573.0,3.0
EMP0000395,395,15840.0,3.0
EMP0000396,396,10329.0,4.0
EMP0000397,397,48609.0,3.0
EMP0000398,398,29403.0,3.0
EMP0000399,399,35079.0,3.0
EMP0000400,400,10857.0,3.0
EMP0000401,401,40194.0,3.0
EMP0000402,402,29898.0,3.0
EMP0000403,403,35706.0,3.0
EMP0000404,404,21285.0,3.0
EMP0000405,405,42900.0,3.0
EMP0000406,406,22704.0,3.0
EMP0000407,407,0.0,3.0
EMP0000408,408,6336.0,4.0
EMP0000409,409,49170.0,3.0
EMP0000410,410,17556.0,3.0
EMP0000411,411,10461.0,4.0
EMP0000412,412,13926.0,3.0
EMP0000413,413,49005.0,3.0
EMP0000414,414,45144.0,3.0
EMP0000416,416,9768.0,3.0
EMP0000417,417,49170.0,4.0
EMP0000418,418,46134.0,3.0
EMP0000419,419,44517.0,4.0
EMP0000420,420,46200.0,3.0
EMP0000421,421,32538.0,3.0
EMP0000422,422,0.0,3.0
EMP0000423,423,16137.0,3.0
EMP0000424,424,46134.0,3.0
EMP0000425,425,6930.0,3.0
EMP0000426,426,36267.0,3.0
EMP0000427,427,36828.0,3.0
EMP0000428,428,49467.0,3.0
EMP0000429,429,32439.0,3.0
EMP0000430,430,0.0,3.0
EMP0000431,431,4752.0,3.0
EMP0000432,432,18084.0,3.0
EMP0000433,433,42999.0,3.0
EMP0000434,434,37125.0,3.0
EMP0000435,435,42042.0,4.0
EMP0000436,436,42141.0,3.0
EMP0000437,437,25000.0,3.0
EMP0000438,438,13629.0,3.0
EMP0000440,440,17622.0,3.0
EMP0000443,443,20955.0,3.0
EMP0000444,444,45144.0,3.0
EMP0000445,445,5379.0,3.0
EMP0000446,446,36861.0,4.0
EMP0000448,448,20427.0,3.0
EMP0000449,449,9966.0,3.0
EMP0000450,450,14619.0,3.0
EMP0000451,451,27324.0,3.0
EMP0000452,452,10527.0,4.0
EMP0000453,453,18513.0,3.0
EMP0000454,454,14058.0,3.0
EMP0000455,455,7656.0,3.0
EMP0000456,456,30426.0,3.0
EMP0000457,457,22704.0,4.0
EMP0000458,458,43098.0,3.0
EMP0000459,459,36102.0,3.0
EMP0000460,460,16797.0,3.0
EMP0000461,461,25575.0,3.0
EMP0000462,462,6435.0,3.0
EMP0000463,463,8514.0,3.0
EMP0000464,464,15543.0,3.0
EMP0000465,465,26367.0,3.0
EMP0001525,1525,100542.0,3.0
EMP0000441,441,32604.0,3.0
EMP0000466,466,34122.0,3.0
EMP0000467,467,42108.0,3.0
EMP0000468,468,4686.0,3.0
EMP0000469,469,31548.0,3.0
EMP0000470,470,48642.0,3.0
EMP0000471,471,0.0,3.0
EMP0000472,472,49335.0,3.0
EMP0000473,473,14718.0,3.0
EMP0000474,474,41085.0,3.0
EMP0000475,475,22803.0,3.0
EMP0000476,476,23199.0,4.0
EMP0000477,477,27159.0,4.0
EMP0000478,478,41118.0,3.0
EMP0000479,479,20526.0,3.0
EMP0000480,480,42471.0,3.0
EMP0000481,481,14784.0,3.0
EMP0000482,482,8382.0,3.0
EMP0000483,483,45045.0,3.0
EMP0000484,484,17754.0,3.0
EMP0000485,485,17325.0,4.0
EMP0000486,486,26334.0,3.0
EMP0000487,487,18414.0,3.0
EMP0000488,488,31647.0,3.0
EMP0000489,489,20526.0,3.0
EMP0000490,490,25806.0,3.0
EMP0000491,491,11946.0,3.0
EMP0000492,492,33033.0,3.0
EMP0000493,493,40788.0,3.0
EMP0000494,494,36696.0,3.0
EMP0000495,495,6732.0,3.0
EMP0000496,496,46860.0,3.0
EMP0001692,1692,100709.0,4.0
EMP0000497,497,44319.0,3.0
EMP0000499,499,19932.0,4.0
EMP0000500,500,40128.0,3.0
EMP0000501,501,21318.0,3.0
EMP0000502,502,5280.0,4.0
EMP0000503,503,7854.0,4.0
EMP0000504,504,46101.0,3.0
EMP0000505,505,10098.0,3.0
EMP0000506,506,32703.0,3.0
EMP0000507,507,15906.0,3.0
EMP0000508,508,38808.0,3.0
EMP0000509,509,33561.0,3.0
EMP0000510,510,0.0,4.0
EMP0000511,511,13101.0,3.0
EMP0000512,512,30129.0,3.0
EMP0000513,513,36795.0,3.0
EMP0000514,514,44946.0,3.0
EMP0000515,515,35508.0,3.0
EMP0000516,516,23991.0,3.0
EMP0000517,517,0.0,3.0
EMP0000518,518,26730.0,4.0
EMP0000519,519,8019.0,4.0
EMP0000520,520,26598.0,3.0
EMP0000521,521,26961.0,3.0
EMP0000522,522,46530.0,4.0
EMP0000523,523,40425.0,3.0
EMP0000524,524,39831.0,3.0
EMP0000525,525,47586.0,3.0
EMP0000526,526,22869.0,3.0
EMP0000527,527,13464.0,3.0
EMP0001726,1726,150780.0,3.0
EMP0000528,528,0.0,3.0
EMP0000529,529,18546.0,3.0
EMP0000530,530,27291.0,3.0
EMP0000531,531,20064.0,3.0
EMP0000532,532,33594.0,3.0
EMP0000533,533,23199.0,3.0
EMP0000534,534,19140.0,4.0
EMP0000535,535,32010.0,3.0
EMP0000536,536,14091.0,3.0
EMP0000537,537,38907.0,3.0
EMP0000538,538,9702.0,4.0
EMP0000539,539,10362.0,3.0
EMP0000541,541,21582.0,3.0
EMP0000542,542,14091.0,3.0
EMP0000543,543,5544.0,3.0
EMP0000544,544,12573.0,3.0
EMP0000545,545,7161.0,3.0
EMP0000546,546,16533.0,4.0
EMP0000547,547,46068.0,3.0
EMP0000548,548,30789.0,3.0
EMP0000549,549,25575.0,3.0
EMP0000550,550,32010.0,3.0
EMP0000551,551,21450.0,3.0
EMP0000552,552,4653.0,3.0
EMP0000553,553,27456.0,3.0
EMP0000554,554,26532.0,4.0
EMP0000555,555,32175.0,3.0
EMP0000556,556,0.0,3.0
EMP0000557,557,11418.0,3.0
EMP0000558,558,40425.0,3.0
EMP0000559,559,14190.0,3.0
EMP0000560,560,8844.0,3.0
EMP0000561,561,5511.0,3.0
EMP0000563,563,17391.0,3.0
EMP0000564,564,29139.0,4.0
EMP0000565,565,0.0,3.0
EMP0000566,566,10230.0,3.0
EMP0000567,567,23727.0,3.0
EMP0000568,568,10032.0,4.0
EMP0000569,569,23925.0,3.0
EMP0000571,571,23595.0,3.0
EMP0000572,572,18975.0,3.0
EMP0000573,573,21681.0,3.0
EMP0000574,574,37818.0,3.0
EMP0000575,575,6006.0,3.0
EMP0000576,576,12408.0,3.0
EMP0000577,577,27357.0,3.0
EMP0000578,578,18843.0,3.0
EMP0000579,579,7920.0,3.0
EMP0000580,580,3993.0,3.0
EMP0000581,581,12672.0,3.0
EMP0000582,582,30393.0,4.0
EMP0000583,583,26103.0,4.0
EMP0000584,584,36663.0,3.0
EMP0000585,585,18810.0,3.0
EMP0000586,586,41019.0,4.0
EMP0000587,587,36036.0,3.0
EMP0000588,588,43725.0,4.0
EMP0000589,589,22803.0,3.0
EMP0000590,590,26565.0,3.0
EMP0000591,591,7029.0,3.0
EMP0000592,592,3894.0,3.0
EMP0000593,593,6666.0,3.0
EMP0000594,594,22308.0,3.0
EMP0000595,595,41316.0,4.0
EMP0000596,596,9438.0,3.0
EMP0000597,597,41514.0,3.0
EMP0000598,598,30756.0,3.0
EMP0000599,599,0.0,3.0
EMP0000601,601,28347.0,3.0
EMP0000602,602,23760.0,3.0
EMP0000603,603,31218.0,4.0
EMP0000604,604,8316.0,3.0
EMP0000605,605,30789.0,3.0
EMP0000606,606,15543.0,3.0
EMP0000607,607,23166.0,3.0
EMP0000608,608,1.0,3.0
EMP0000609,609,14388.0,3.0
EMP0000610,610,19437.0,4.0
EMP0000611,611,8877.0,3.0
EMP0000612,612,31350.0,4.0
EMP0000613,613,25080.0,4.0
EMP0000615,615,29271.0,3.0
EMP0000616,616,14619.0,3.0
EMP0000617,617,43494.0,3.0
EMP0000618,618,20625.0,3.0
EMP0000619,619,5940.0,3.0
EMP0000620,620,19338.0,4.0
EMP0000600,600,34353.0,3.0
EMP0000621,621,44319.0,3.0
EMP0000622,622,30624.0,3.0
EMP0000623,623,3861.0,3.0
EMP0000624,624,33396.0,3.0
EMP0000625,625,21813.0,3.0
EMP0000626,626,30690.0,3.0
EMP0000627,627,21054.0,3.0
EMP0000628,628,29370.0,4.0
EMP0000629,629,11286.0,3.0
EMP0000630,630,38577.0,3.0
EMP0000631,631,40590.0,4.0
EMP0000632,632,32538.0,4.0
EMP0000633,633,41943.0,3.0
EMP0000634,634,42174.0,4.0
EMP0000635,635,4653.0,3.0
EMP0000636,636,20031.0,4.0
EMP0000638,638,9900.0,3.0
EMP0000639,639,19239.0,3.0
EMP0000641,641,41877.0,3.0
EMP0000642,642,0.0,3.0
EMP0000643,643,13035.0,3.0
EMP0000644,644,41745.0,3.0
EMP0000645,645,40326.0,3.0
EMP0000646,646,0.0,3.0
EMP0000647,647,28644.0,3.0
EMP0000649,649,40623.0,3.0
EMP0000650,650,3366.0,3.0
EMP0000651,651,13926.0,3.0
EMP0000640,640,46794.0,3.0
EMP0000652,652,8217.0,4.0
EMP0000653,653,41316.0,3.0
EMP0000654,654,29073.0,3.0
EMP0000655,655,45639.0,3.0
EMP0000656,656,35475.0,3.0
EMP0000657,657,0.0,4.0
EMP0000658,658,35838.0,3.0
EMP0000659,659,21813.0,3.0
EMP0000660,660,27093.0,3.0
EMP0000661,661,25773.0,3.0
EMP0000662,662,5841.0,4.0
EMP0000663,663,16500.0,3.0
EMP0000664,664,47091.0,3.0
EMP0000665,665,0.0,3.0
EMP0000666,666,47982.0,3.0
EMP0000667,667,20361.0,3.0
EMP0000668,668,35805.0,3.0
EMP0000669,669,32835.0,3.0
EMP0000670,670,37026.0,4.0
EMP0000671,671,20394.0,3.0
EMP0000673,673,15246.0,3.0
EMP0000674,674,39534.0,3.0
EMP0000675,675,41976.0,3.0
EMP0000676,676,5082.0,3.0
EMP0000677,677,37521.0,4.0
EMP0000678,678,17391.0,3.0
EMP0000679,679,48477.0,3.0
EMP0000680,680,39204.0,3.0
EMP0000681,681,6204.0,3.0
EMP0000682,682,43989.0,3.0
EMP0000683,683,39072.0,4.0
EMP0000684,684,28611.0,3.0
EMP0000685,685,21714.0,3.0
EMP0000686,686,635085.0,3.0
EMP0000687,687,8679.0,3.0
EMP0000688,688,30954.0,4.0
EMP0000690,690,4257.0,3.0
EMP0000691,691,20328.0,3.0
EMP0000692,692,48477.0,3.0
EMP0000693,693,16434.0,3.0
EMP0000695,695,35277.0,3.0
EMP0000696,696,20625.0,3.0
EMP0000697,697,26565.0,3.0
EMP0000698,698,46332.0,3.0
EMP0000699,699,40227.0,3.0
EMP0000700,700,34749.0,3.0
EMP0000701,701,9537.0,4.0
EMP0000702,702,45408.0,3.0
EMP0000703,703,7623.0,3.0
EMP0000704,704,5016.0,3.0
EMP0000705,705,29106.0,3.0
EMP0000706,706,29799.0,3.0
EMP0000707,707,48807.0,3.0
EMP0000708,708,45507.0,3.0
EMP0000709,709,40557.0,3.0
EMP0000710,710,11055.0,4.0
EMP0000711,711,23826.0,3.0
EMP0000712,712,29898.0,4.0
EMP0000713,713,15213.0,3.0
EMP0000714,714,32142.0,3.0
EMP0000689,689,13827.0,3.0
EMP0000715,715,37158.0,4.0
EMP0000717,717,27720.0,3.0
EMP0000718,718,37422.0,3.0
EMP0000719,719,0.0,3.0
EMP0000720,720,31515.0,3.0
EMP0000721,721,4554.0,3.0
EMP0000722,722,30987.0,3.0
EMP0000723,723,45903.0,3.0
EMP0000724,724,18678.0,3.0
EMP0000725,725,39798.0,3.0
EMP0000726,726,20526.0,4.0
EMP0000727,727,28149.0,3.0
EMP0000728,728,9471.0,3.0
EMP0000729,729,0.0,3.0
EMP0000730,730,19239.0,3.0
EMP0000731,731,5049.0,3.0
EMP0000732,732,36201.0,3.0
EMP0000733,733,3597.0,3.0
EMP0000734,734,35178.0,3.0
EMP0000735,735,7161.0,3.0
EMP0000736,736,0.0,3.0
EMP0000737,737,44715.0,3.0
EMP0000738,738,18117.0,3.0
EMP0000739,739,15378.0,3.0
EMP0000741,741,396990.0,4.0
EMP0000742,742,8745.0,3.0
EMP0000743,743,26532.0,3.0
EMP0000744,744,23595.0,3.0
EMP0000745,745,37653.0,3.0
EMP0000746,746,4455.0,3.0
EMP0000747,747,8151.0,4.0
EMP0000748,748,34155.0,3.0
EMP0000749,749,8745.0,3.0
EMP0000750,750,8778.0,3.0
EMP0000751,751,47784.0,3.0
EMP0000752,752,4785.0,3.0
EMP0000753,753,29205.0,3.0
EMP0000754,754,0.0,3.0
EMP0000755,755,34254.0,3.0
EMP0000756,756,40722.0,3.0
EMP0000757,757,36597.0,3.0
EMP0000758,758,7128.0,3.0
EMP0000759,759,35937.0,3.0
EMP0000760,760,26004.0,3.0
EMP0000761,761,4092.0,3.0
EMP0000762,762,21780.0,3.0
EMP0000763,763,11286.0,3.0
EMP0000764,764,43989.0,3.0
EMP0000765,765,37752.0,4.0
EMP0000766,766,39138.0,3.0
EMP0000767,767,48312.0,3.0
EMP0000769,769,9900.0,3.0
EMP0000770,770,30393.0,3.0
EMP0000771,771,14190.0,3.0
EMP0000772,772,35706.0,3.0
EMP0000773,773,40920.0,3.0
EMP0000774,774,26268.0,3.0
EMP0000775,775,14652.0,3.0
EMP0000776,776,13695.0,3.0
EMP0000777,777,25377.0,3.0
EMP0000778,778,44022.0,3.0
EMP0000779,779,33099.0,4.0
EMP0000781,781,45078.0,3.0
EMP0000782,782,6336.0,3.0
EMP0000784,784,16797.0,3.0
EMP0000785,785,10890.0,3.0
EMP0000787,787,42141.0,3.0
EMP0000788,788,36003.0,3.0
EMP0000789,789,28281.0,3.0
EMP0000790,790,45408.0,3.0
EMP0000791,791,0.0,3.0
EMP0000792,792,39732.0,4.0
EMP0000793,793,27291.0,4.0
EMP0000794,794,29535.0,3.0
EMP0000795,795,20394.0,3.0
EMP0000796,796,10197.0,3.0
EMP0000797,797,40227.0,3.0
EMP0000798,798,43890.0,4.0
EMP0000799,799,33561.0,4.0
EMP0000800,800,15477.0,3.0
EMP0000801,801,33297.0,3.0
EMP0000802,802,31647.0,3.0
EMP0000803,803,32010.0,3.0
EMP0000804,804,0.0,3.0
EMP0000805,805,41646.0,4.0
EMP0000806,806,34650.0,3.0
EMP0000807,807,32802.0,3.0
EMP0000786,786,49236.0,4.0
EMP0000808,808,25410.0,3.0
EMP0000809,809,36531.0,4.0
EMP0000810,810,31350.0,3.0
EMP0000811,811,13398.0,3.0
EMP0000812,812,0.0,3.0
EMP0000813,813,35706.0,3.0
EMP0000814,814,6699.0,3.0
EMP0000815,815,43164.0,3.0
EMP0000816,816,32472.0,3.0
EMP0000817,817,14487.0,3.0
EMP0000818,818,7161.0,4.0
EMP0000819,819,26169.0,3.0
EMP0000820,820,47883.0,3.0
EMP0000821,821,39006.0,3.0
EMP0000822,822,5742.0,3.0
EMP0000823,823,33099.0,3.0
EMP0000825,825,6204.0,3.0
EMP0000826,826,23694.0,3.0
EMP0000827,827,14289.0,3.0
EMP0000828,828,25509.0,3.0
EMP0000829,829,8151.0,3.0
EMP0000830,830,19899.0,3.0
EMP0000831,831,5511.0,3.0
EMP0000832,832,28842.0,3.0
EMP0000833,833,12111.0,3.0
EMP0000835,835,46200.0,4.0
EMP0000836,836,17424.0,3.0
EMP0000837,837,0.0,3.0
EMP0000838,838,0.0,3.0
EMP0000824,824,16170.0,3.0
EMP0000839,839,15873.0,3.0
EMP0000840,840,21351.0,3.0
EMP0000841,841,32406.0,3.0
EMP0000842,842,15741.0,4.0
EMP0000843,843,49005.0,3.0
EMP0000844,844,45672.0,4.0
EMP0000845,845,28116.0,3.0
EMP0000846,846,29766.0,3.0
EMP0000847,847,405405.0,3.0
EMP0000848,848,22077.0,4.0
EMP0000850,850,45276.0,3.0
EMP0000851,851,28446.0,3.0
EMP0000852,852,23694.0,3.0
EMP0000853,853,0.0,3.0
EMP0000854,854,21285.0,4.0
EMP0000855,855,48081.0,3.0
EMP0000856,856,32241.0,3.0
EMP0000857,857,26565.0,3.0
EMP0000858,858,36201.0,3.0
EMP0000859,859,40359.0,3.0
EMP0000860,860,31086.0,3.0
EMP0000862,862,46266.0,4.0
EMP0000863,863,3663.0,3.0
EMP0000864,864,4851.0,3.0
EMP0000865,865,29898.0,3.0
EMP0000866,866,43857.0,3.0
EMP0000867,867,39072.0,3.0
EMP0000868,868,46893.0,4.0
EMP0000869,869,38907.0,3.0
EMP0000861,861,41448.0,3.0
EMP0000870,870,47850.0,3.0
EMP0000871,871,44913.0,3.0
EMP0000872,872,32472.0,3.0
EMP0000873,873,37818.0,3.0
EMP0000874,874,30261.0,3.0
EMP0000875,875,28149.0,3.0
EMP0000876,876,6600.0,4.0
EMP0000877,877,21582.0,3.0
EMP0000878,878,4950.0,3.0
EMP0000879,879,5907.0,3.0
EMP0000880,880,22968.0,3.0
EMP0000881,881,3828.0,4.0
EMP0000883,883,11979.0,4.0
EMP0000884,884,3861.0,3.0
EMP0000885,885,3531.0,3.0
EMP0000886,886,44748.0,3.0
EMP0000887,887,48345.0,4.0
EMP0000888,888,15114.0,3.0
EMP0000889,889,39996.0,3.0
EMP0000890,890,36399.0,3.0
EMP0000892,892,36861.0,3.0
EMP0000893,893,16632.0,4.0
EMP0000894,894,33330.0,3.0
EMP0000895,895,22605.0,3.0
EMP0000896,896,43956.0,3.0
EMP0000897,897,35046.0,3.0
EMP0000898,898,10758.0,3.0
EMP0000899,899,0.0,3.0
EMP0000900,900,36234.0,3.0
EMP0000901,901,15477.0,3.0
EMP0000902,902,31977.0,3.0
EMP0000903,903,25000.0,3.0
EMP0000904,904,43857.0,3.0
EMP0000905,905,1.0,3.0
EMP0000907,907,43560.0,3.0
EMP0000908,908,36267.0,3.0
EMP0000909,909,17688.0,3.0
EMP0000910,910,8745.0,3.0
EMP0000911,911,12309.0,4.0
EMP0000912,912,19767.0,3.0
EMP0000913,913,0.0,4.0
EMP0000914,914,47817.0,3.0
EMP0000915,915,0.0,3.0
EMP0000916,916,8283.0,4.0
EMP0000917,917,5544.0,3.0
EMP0000918,918,0.0,3.0
EMP0000919,919,7821.0,4.0
EMP0000920,920,47157.0,3.0
EMP0000921,921,4455.0,3.0
EMP0000922,922,26103.0,3.0
EMP0000923,923,39567.0,3.0
EMP0000924,924,21384.0,3.0
EMP0000925,925,24255.0,3.0
EMP0000926,926,19899.0,3.0
EMP0000927,927,17523.0,3.0
EMP0000928,928,14157.0,3.0
EMP0000929,929,20493.0,3.0
EMP0000930,930,6369.0,3.0
EMP0000931,931,31944.0,3.0
EMP0000932,932,435105.0,3.0
EMP0000933,933,0.0,3.0
EMP0000934,934,21120.0,3.0
EMP0000935,935,8778.0,3.0
EMP0000936,936,19932.0,3.0
EMP0000937,937,12012.0,4.0
EMP0000938,938,13596.0,3.0
EMP0000940,940,35937.0,3.0
EMP0000941,941,11880.0,3.0
EMP0000942,942,37554.0,3.0
EMP0000943,943,10725.0,3.0
EMP0000944,944,32703.0,3.0
EMP0000945,945,48708.0,3.0
EMP0000946,946,43626.0,3.0
EMP0000947,947,9867.0,3.0
EMP0000949,949,20922.0,4.0
EMP0000950,950,17292.0,3.0
EMP0000951,951,19371.0,3.0
EMP0000952,952,8448.0,3.0
EMP0000953,953,34980.0,3.0
EMP0000954,954,30855.0,3.0
EMP0000955,955,16335.0,3.0
EMP0000956,956,9306.0,3.0
EMP0000957,957,0.0,3.0
EMP0000958,958,15114.0,3.0
EMP0000959,959,31119.0,3.0
EMP0000960,960,17259.0,3.0
EMP0000962,962,15906.0,3.0
EMP0000939,939,27984.0,3.0
EMP0000963,963,25410.0,3.0
EMP0000964,964,33297.0,3.0
EMP0000965,965,0.0,3.0
EMP0000966,966,29106.0,3.0
EMP0000968,968,10857.0,4.0
EMP0000969,969,20031.0,3.0
EMP0000970,970,28215.0,3.0
EMP0000971,971,42603.0,3.0
EMP0000972,972,46365.0,3.0
EMP0000973,973,37092.0,3.0
EMP0000974,974,26961.0,3.0
EMP0000975,975,26169.0,4.0
EMP0000976,976,8811.0,3.0
EMP0000978,978,32967.0,4.0
EMP0000979,979,39666.0,4.0
EMP0000980,980,9405.0,3.0
EMP0000981,981,23199.0,3.0
EMP0000982,982,21846.0,3.0
EMP0000983,983,22869.0,3.0
EMP0000984,984,13332.0,3.0
EMP0000985,985,24288.0,3.0
EMP0000986,986,10890.0,3.0
EMP0000987,987,49434.0,3.0
EMP0000989,989,39600.0,3.0
EMP0000990,990,47487.0,3.0
EMP0000991,991,36663.0,3.0
EMP0000992,992,16467.0,3.0
EMP0000993,993,49005.0,4.0
EMP0000994,994,0.0,3.0
EMP0000995,995,10626.0,3.0
EMP0000996,996,30690.0,3.0
EMP0000997,997,6765.0,3.0
EMP0000998,998,4455.0,3.0
EMP0000999,999,22539.0,3.0
EMP0001000,1000,37851.0,3.0
EMP0001003,1003,6600.0,3.0
EMP0001004,1004,31317.0,3.0
EMP0001005,1005,21516.0,3.0
EMP0001006,1006,10956.0,3.0
EMP0001007,1007,48675.0,4.0
EMP0001008,1008,11121.0,3.0
EMP0001009,1009,32043.0,3.0
EMP0001010,1010,34815.0,4.0
EMP0001011,1011,37488.0,3.0
EMP0001012,1012,38742.0,3.0
EMP0001013,1013,22011.0,3.0
EMP0001014,1014,28215.0,3.0
EMP0001015,1015,6006.0,3.0
EMP0001016,1016,18480.0,3.0
EMP0001017,1017,6666.0,3.0
EMP0001018,1018,45441.0,3.0
EMP0001019,1019,5676.0,3.0
EMP0001020,1020,10857.0,3.0
EMP0001021,1021,15345.0,3.0
EMP0001023,1023,46629.0,3.0
EMP0001024,1024,41415.0,4.0
EMP0001001,1001,8514.0,3.0
EMP0001025,1025,11847.0,3.0
EMP0001027,1027,19833.0,3.0
EMP0001028,1028,0.0,3.0
EMP0001029,1029,42339.0,3.0
EMP0001030,1030,21879.0,3.0
EMP0001031,1031,10758.0,3.0
EMP0001032,1032,12441.0,3.0
EMP0001033,1033,19536.0,4.0
EMP0001034,1034,47685.0,3.0
EMP0001035,1035,34254.0,3.0
EMP0001036,1036,46134.0,3.0
EMP0001038,1038,47784.0,3.0
EMP0001039,1039,40293.0,3.0
EMP0001040,1040,36531.0,3.0
EMP0001041,1041,7194.0,3.0
EMP0001042,1042,28578.0,3.0
EMP0001043,1043,32373.0,3.0
EMP0001044,1044,14751.0,3.0
EMP0001045,1045,49335.0,3.0
EMP0001046,1046,0.0,3.0
EMP0001047,1047,48411.0,3.0
EMP0001048,1048,0.0,3.0
EMP0001049,1049,43758.0,3.0
EMP0001050,1050,44814.0,3.0
EMP0001051,1051,24684.0,3.0
EMP0001052,1052,12639.0,3.0
EMP0001053,1053,32670.0,3.0
EMP0001054,1054,13365.0,4.0
EMP0001055,1055,49170.0,3.0
EMP0001056,1056,27357.0,3.0
EMP0001057,1057,49368.0,3.0
EMP0001058,1058,3795.0,3.0
EMP0001059,1059,26070.0,4.0
EMP0001060,1060,21780.0,3.0
EMP0001061,1061,12573.0,3.0
EMP0001062,1062,27390.0,3.0
EMP0001063,1063,39369.0,3.0
EMP0001064,1064,41118.0,3.0
EMP0001065,1065,10890.0,4.0
EMP0001066,1066,40557.0,3.0
EMP0001067,1067,36267.0,3.0
EMP0001069,1069,9537.0,3.0
EMP0001070,1070,0.0,3.0
EMP0001071,1071,15411.0,3.0
EMP0001072,1072,8943.0,4.0
EMP0001073,1073,0.0,3.0
EMP0001075,1075,17028.0,3.0
EMP0001076,1076,16335.0,4.0
EMP0001077,1077,34650.0,4.0
EMP0001078,1078,7392.0,3.0
EMP0001079,1079,4488.0,3.0
EMP0001080,1080,35937.0,3.0
EMP0001081,1081,7524.0,3.0
EMP0001083,1083,0.0,3.0
EMP0001084,1084,22308.0,3.0
EMP0001085,1085,32043.0,3.0
EMP0001086,1086,0.0,3.0
EMP0001087,1087,10989.0,3.0
EMP0001088,1088,47520.0,4.0
EMP0001090,1090,22242.0,3.0
EMP0001092,1092,18975.0,3.0
EMP0001093,1093,31350.0,4.0
EMP0001094,1094,9504.0,3.0
EMP0001095,1095,44286.0,3.0
EMP0001096,1096,19437.0,3.0
EMP0001097,1097,29634.0,4.0
EMP0001098,1098,11550.0,3.0
EMP0001099,1099,37686.0,3.0
EMP0001100,1100,17754.0,3.0
EMP0001101,1101,46266.0,4.0
EMP0001102,1102,27192.0,3.0
EMP0001103,1103,38181.0,4.0
EMP0001105,1105,19734.0,3.0
EMP0001106,1106,40986.0,3.0
EMP0001107,1107,24420.0,3.0
EMP0001109,1109,32736.0,3.0
EMP0001110,1110,42504.0,3.0
EMP0001111,1111,3432.0,3.0
EMP0001112,1112,20031.0,3.0
EMP0001113,1113,29799.0,3.0
EMP0001114,1114,0.0,3.0
EMP0001115,1115,36564.0,3.0
EMP0001116,1116,15807.0,3.0
EMP0001117,1117,22605.0,4.0
EMP0001118,1118,44583.0,3.0
EMP0001119,1119,15642.0,4.0
EMP0001120,1120,41085.0,3.0
EMP0001121,1121,14421.0,3.0
EMP0001122,1122,29172.0,3.0
EMP0001123,1123,45210.0,3.0
EMP0001124,1124,22110.0,3.0
EMP0001125,1125,48246.0,3.0
EMP0001126,1126,32835.0,3.0
EMP0001127,1127,8712.0,3.0
EMP0001128,1128,32241.0,3.0
EMP0001129,1129,42966.0,3.0
EMP0001130,1130,34947.0,4.0
EMP0001131,1131,24750.0,3.0
EMP0001132,1132,21549.0,3.0
EMP0001133,1133,3894.0,3.0
EMP0001135,1135,44517.0,3.0
EMP0001136,1136,18579.0,3.0
EMP0001137,1137,10857.0,3.0
EMP0001138,1138,15081.0,3.0
EMP0001139,1139,0.0,3.0
EMP0001140,1140,20922.0,3.0
EMP0001141,1141,43329.0,3.0
EMP0001142,1142,7953.0,3.0
EMP0001143,1143,33495.0,3.0
EMP0001144,1144,11088.0,3.0
EMP0001145,1145,23595.0,3.0
EMP0001146,1146,18447.0,3.0
EMP0001147,1147,14058.0,3.0
EMP0001148,1148,23826.0,3.0
EMP0001149,1149,45771.0,3.0
EMP0001151,1151,27027.0,3.0
EMP0001152,1152,19140.0,4.0
EMP0001153,1153,18018.0,3.0
EMP0001154,1154,17952.0,3.0
EMP0001155,1155,38808.0,3.0
EMP0001156,1156,5610.0,3.0
EMP0001157,1157,29172.0,3.0
EMP0001158,1158,6864.0,3.0
EMP0001159,1159,22143.0,3.0
EMP0001160,1160,23463.0,3.0
EMP0001161,1161,43857.0,3.0
EMP0001162,1162,13101.0,3.0
EMP0001163,1163,24321.0,3.0
EMP0001164,1164,48510.0,3.0
EMP0001165,1165,14784.0,3.0
EMP0001167,1167,12045.0,4.0
EMP0001168,1168,25179.0,3.0
EMP0001170,1170,16038.0,3.0
EMP0001171,1171,19503.0,3.0
EMP0001172,1172,43857.0,3.0
EMP0001173,1173,15477.0,3.0
EMP0001174,1174,23463.0,3.0
EMP0001175,1175,25476.0,3.0
EMP0001176,1176,16236.0,4.0
EMP0001177,1177,9933.0,3.0
EMP0001178,1178,26829.0,3.0
EMP0001179,1179,37653.0,3.0
EMP0001150,1150,42966.0,3.0
EMP0001180,1180,37290.0,3.0
EMP0001182,1182,15345.0,3.0
EMP0001183,1183,29502.0,3.0
EMP0001184,1184,34320.0,4.0
EMP0001186,1186,42603.0,4.0
EMP0001187,1187,29040.0,4.0
EMP0001188,1188,39237.0,3.0
EMP0001189,1189,32703.0,3.0
EMP0001190,1190,12936.0,3.0
EMP0001191,1191,32241.0,3.0
EMP0001192,1192,36696.0,3.0
EMP0001193,1193,15312.0,3.0
EMP0001194,1194,4884.0,4.0
EMP0001195,1195,40425.0,3.0
EMP0001196,1196,26697.0,3.0
EMP0001197,1197,39798.0,3.0
EMP0001198,1198,23991.0,3.0
EMP0001199,1199,17490.0,4.0
EMP0001200,1200,44583.0,3.0
EMP0001201,1201,17424.0,3.0
EMP0001202,1202,43560.0,3.0
EMP0001203,1203,49335.0,3.0
EMP0001204,1204,46035.0,3.0
EMP0001205,1205,23364.0,3.0
EMP0001206,1206,41547.0,3.0
EMP0001207,1207,25938.0,4.0
EMP0001208,1208,47553.0,3.0
EMP0001209,1209,38181.0,3.0
EMP0001210,1210,12210.0,4.0
EMP0001181,1181,10263.0,3.0
EMP0001211,1211,8811.0,3.0
EMP0001212,1212,42174.0,3.0
EMP0001214,1214,14091.0,4.0
EMP0001215,1215,30393.0,3.0
EMP0001216,1216,4818.0,3.0
EMP0001217,1217,38907.0,3.0
EMP0001218,1218,0.0,3.0
EMP0001219,1219,30294.0,3.0
EMP0001220,1220,35706.0,3.0
EMP0001221,1221,17490.0,3.0
EMP0001222,1222,40854.0,4.0
EMP0001223,1223,7920.0,3.0
EMP0001225,1225,12870.0,3.0
EMP0001226,1226,33165.0,3.0
EMP0001227,1227,19305.0,3.0
EMP0001228,1228,24453.0,3.0
EMP0001229,1229,18216.0,3.0
EMP0001230,1230,12177.0,3.0
EMP0001231,1231,16698.0,3.0
EMP0001232,1232,23661.0,3.0
EMP0001233,1233,45210.0,3.0
EMP0001234,1234,26169.0,3.0
EMP0001235,1235,17919.0,3.0
EMP0001236,1236,42141.0,3.0
EMP0001237,1237,48048.0,3.0
EMP0001238,1238,0.0,3.0
EMP0001239,1239,5280.0,3.0
EMP0001240,1240,5379.0,4.0
EMP0001241,1241,26136.0,3.0
EMP0001213,1213,22374.0,3.0
EMP0001242,1242,12243.0,3.0
EMP0001243,1243,20163.0,3.0
EMP0001244,1244,5808.0,4.0
EMP0001245,1245,43296.0,3.0
EMP0001246,1246,29601.0,3.0
EMP0001247,1247,19800.0,3.0
EMP0001248,1248,33099.0,3.0
EMP0001249,1249,34782.0,3.0
EMP0001250,1250,14124.0,3.0
EMP0001251,1251,15213.0,3.0
EMP0001252,1252,32307.0,3.0
EMP0001254,1254,42339.0,3.0
EMP0001255,1255,43329.0,3.0
EMP0001256,1256,6963.0,4.0
EMP0001257,1257,19602.0,3.0
EMP0001258,1258,35607.0,3.0
EMP0001259,1259,0.0,3.0
EMP0001260,1260,10065.0,3.0
EMP0001261,1261,31449.0,3.0
EMP0001262,1262,27489.0,3.0
EMP0001263,1263,25000.0,3.0
EMP0001264,1264,28215.0,4.0
EMP0001265,1265,15774.0,3.0
EMP0001267,1267,0.0,4.0
EMP0001268,1268,0.0,3.0
EMP0001269,1269,21813.0,4.0
EMP0001270,1270,8052.0,3.0
EMP0001271,1271,16863.0,3.0
EMP0001272,1272,11121.0,3.0
EMP0001761,1761,98994.0,4.0
EMP0001273,1273,38049.0,3.0
EMP0001274,1274,42702.0,3.0
EMP0001275,1275,6468.0,3.0
EMP0001276,1276,31086.0,3.0
EMP0001277,1277,19437.0,3.0
EMP0001278,1278,24222.0,3.0
EMP0001279,1279,45639.0,3.0
EMP0001280,1280,14157.0,3.0
EMP0001281,1281,40887.0,3.0
EMP0001282,1282,9999.0,3.0
EMP0001283,1283,28611.0,3.0
EMP0001284,1284,38973.0,3.0
EMP0001285,1285,41349.0,4.0
EMP0001286,1286,28017.0,3.0
EMP0001287,1287,20328.0,3.0
EMP0001288,1288,-37224.0,3.0
EMP0001289,1289,0.0,3.0
EMP0001290,1290,44088.0,3.0
EMP0001291,1291,7722.0,3.0
EMP0001292,1292,0.0,3.0
EMP0001293,1293,25278.0,3.0
EMP0001294,1294,11319.0,3.0
EMP0001295,1295,14751.0,3.0
EMP0001296,1296,26268.0,3.0
EMP0001297,1297,36036.0,3.0
EMP0001298,1298,30360.0,3.0
EMP0001299,1299,8613.0,4.0
EMP0001300,1300,39402.0,3.0
EMP0001301,1301,26730.0,4.0
EMP0001302,1302,11550.0,4.0
EMP0001304,1304,33033.0,3.0
EMP0001305,1305,24750.0,3.0
EMP0001307,1307,37125.0,3.0
EMP0001308,1308,40161.0,4.0
EMP0001309,1309,23859.0,4.0
EMP0001310,1310,18876.0,3.0
EMP0001311,1311,40128.0,3.0
EMP0001312,1312,47223.0,3.0
EMP0001313,1313,11847.0,3.0
EMP0001314,1314,11550.0,3.0
EMP0001315,1315,19437.0,4.0
EMP0001316,1316,14190.0,4.0
EMP0001317,1317,46926.0,4.0
EMP0001318,1318,42801.0,3.0
EMP0001319,1319,18942.0,3.0
EMP0001320,1320,43494.0,3.0
EMP0001321,1321,11715.0,4.0
EMP0001322,1322,6831.0,3.0
EMP0001323,1323,23298.0,3.0
EMP0001324,1324,9240.0,3.0
EMP0001325,1325,0.0,3.0
EMP0001326,1326,37686.0,3.0
EMP0001327,1327,13662.0,3.0
EMP0001328,1328,43527.0,3.0
EMP0001329,1329,24024.0,4.0
EMP0001330,1330,11616.0,3.0
EMP0001331,1331,27159.0,3.0
EMP0001332,1332,40392.0,3.0
EMP0001334,1334,41382.0,4.0
EMP0001335,1335,37323.0,3.0
EMP0001336,1336,27555.0,3.0
EMP0001337,1337,27588.0,4.0
EMP0001338,1338,38676.0,3.0
EMP0001339,1339,31185.0,3.0
EMP0001340,1340,12903.0,4.0
EMP0001341,1341,0.0,3.0
EMP0001342,1342,10263.0,3.0
EMP0001343,1343,48840.0,3.0
EMP0001344,1344,19536.0,3.0
EMP0001345,1345,25839.0,4.0
EMP0001346,1346,7227.0,3.0
EMP0001347,1347,18348.0,3.0
EMP0001348,1348,40029.0,4.0
EMP0001349,1349,37521.0,3.0
EMP0001350,1350,15906.0,3.0
EMP0001351,1351,16863.0,3.0
EMP0001352,1352,3861.0,3.0
EMP0001353,1353,5610.0,3.0
EMP0001354,1354,31911.0,4.0
EMP0001356,1356,11055.0,3.0
EMP0001357,1357,11121.0,4.0
EMP0001358,1358,46068.0,3.0
EMP0001361,1361,15543.0,3.0
EMP0001362,1362,36168.0,3.0
EMP0001363,1363,42801.0,3.0
EMP0001364,1364,7161.0,3.0
EMP0001365,1365,25839.0,3.0
EMP0001367,1367,41283.0,3.0
EMP0001368,1368,44682.0,3.0
EMP0001369,1369,24255.0,3.0
EMP0001370,1370,48675.0,3.0
EMP0001371,1371,38577.0,3.0
EMP0001372,1372,47619.0,3.0
EMP0001373,1373,28611.0,4.0
EMP0001374,1374,46002.0,3.0
EMP0001375,1375,19965.0,3.0
EMP0001376,1376,7854.0,3.0
EMP0001377,1377,39798.0,3.0
EMP0001378,1378,35112.0,3.0
EMP0001379,1379,13827.0,3.0
EMP0001380,1380,44121.0,3.0
EMP0001381,1381,22506.0,3.0
EMP0001382,1382,36399.0,3.0
EMP0001383,1383,32208.0,3.0
EMP0001384,1384,44583.0,4.0
EMP0001385,1385,30921.0,4.0
EMP0001386,1386,40887.0,3.0
EMP0001387,1387,5181.0,3.0
EMP0001388,1388,4488.0,3.0
EMP0001389,1389,37818.0,3.0
EMP0001390,1390,37125.0,4.0
EMP0001391,1391,46332.0,3.0
EMP0001392,1392,46332.0,3.0
EMP0001393,1393,40392.0,3.0
EMP0001394,1394,31482.0,3.0
EMP0001395,1395,45309.0,4.0
EMP0001396,1396,24882.0,3.0
EMP0001398,1398,5115.0,3.0
EMP0001399,1399,-42999.0,4.0
EMP0001400,1400,18942.0,3.0
EMP0001401,1401,0.0,3.0
EMP0001402,1402,0.0,3.0
EMP0001404,1404,3927.0,3.0
EMP0001405,1405,11055.0,3.0
EMP0001406,1406,0.0,4.0
EMP0001407,1407,5181.0,3.0
EMP0001408,1408,25443.0,3.0
EMP0001409,1409,0.0,3.0
EMP0001410,1410,22836.0,3.0
EMP0001412,1412,10197.0,3.0
EMP0001413,1413,30063.0,3.0
EMP0001414,1414,32241.0,3.0
EMP0001415,1415,38940.0,4.0
EMP0001416,1416,43329.0,3.0
EMP0001418,1418,38082.0,3.0
EMP0001419,1419,16764.0,3.0
EMP0001420,1420,18381.0,3.0
EMP0001421,1421,21186.0,4.0
EMP0001422,1422,38346.0,3.0
EMP0001423,1423,0.0,3.0
EMP0001424,1424,19173.0,3.0
EMP0001425,1425,46035.0,3.0
EMP0001397,1397,38544.0,3.0
EMP0001429,1429,7722.0,3.0
EMP0001430,1430,3828.0,3.0
EMP0001431,1431,6633.0,3.0
EMP0001433,1433,5313.0,4.0
EMP0001434,1434,45606.0,4.0
EMP0001435,1435,19305.0,3.0
EMP0001436,1436,34221.0,3.0
EMP0001437,1437,16533.0,3.0
EMP0001438,1438,3465.0,3.0
EMP0001439,1439,21054.0,3.0
EMP0001440,1440,0.0,3.0
EMP0001441,1441,22704.0,3.0
EMP0001442,1442,22011.0,4.0
EMP0001443,1443,36036.0,3.0
EMP0001444,1444,9900.0,3.0
EMP0001445,1445,10230.0,3.0
EMP0001446,1446,19206.0,4.0
EMP0001447,1447,23232.0,4.0
EMP0001448,1448,9933.0,4.0
EMP0001449,1449,30690.0,3.0
EMP0001450,1450,17457.0,3.0
EMP0001451,1451,0.0,3.0
EMP0001452,1452,11385.0,3.0
EMP0001453,1453,28974.0,3.0
EMP0001454,1454,36960.0,3.0
EMP0001455,1455,0.0,3.0
EMP0001456,1456,43626.0,3.0
EMP0001457,1457,39567.0,3.0
EMP0001458,1458,39402.0,3.0
EMP0001762,1762,111067.0,4.0
EMP0001459,1459,9471.0,3.0
EMP0001460,1460,45474.0,3.0
EMP0001461,1461,1.0,3.0
EMP0001462,1462,13530.0,3.0
EMP0001463,1463,23826.0,3.0
EMP0001464,1464,10725.0,3.0
EMP0001465,1465,38511.0,3.0
EMP0001467,1467,20229.0,3.0
EMP0001468,1468,5115.0,4.0
EMP0001469,1469,0.0,3.0
EMP0001470,1470,310860.0,3.0
EMP0001471,1471,53168.0,4.0
EMP0001472,1472,53853.0,4.0
EMP0001473,1473,47782.0,3.0
EMP0001474,1474,193877.0,4.0
EMP0001475,1475,219477.0,4.0
EMP0001476,1476,50321.0,4.0
EMP0001477,1477,94873.0,3.0
EMP0001478,1478,146175.0,3.0
EMP0001480,1480,1.0,4.0
EMP0001481,1481,103815.0,3.0
EMP0001482,1482,56685.0,3.0
EMP0001483,1483,337527.0,4.0
EMP0001485,1485,43959.0,3.0
EMP0001486,1486,96162.0,3.0
EMP0001487,1487,150701.0,3.0
EMP0001488,1488,69082.0,4.0
EMP0001489,1489,173797.0,4.0
EMP0001490,1490,109767.0,3.0
EMP0001466,1466,29172.0,3.0
EMP0001491,1491,53499.0,4.0
EMP0001493,1493,252703.0,4.0
EMP0001494,1494,282645.0,3.0
EMP0001495,1495,91466.0,4.0
EMP0001496,1496,109640.0,3.0
EMP0001497,1497,55072.0,4.0
EMP0001498,1498,156273.0,4.0
EMP0001499,1499,105142.0,4.0
EMP0001500,1500,48357.0,3.0
EMP0001501,1501,94459.0,4.0
EMP0001502,1502,52584.0,3.0
EMP0001503,1503,104387.0,4.0
EMP0001504,1504,130386.0,3.0
EMP0001505,1505,59742.0,4.0
EMP0001506,1506,50234.0,3.0
EMP0001507,1507,54018.0,4.0
EMP0001508,1508,55832.0,3.0
EMP0001509,1509,0.0,4.0
EMP0001510,1510,62126.0,4.0
EMP0001511,1511,57770.0,4.0
EMP0001512,1512,61160.0,3.0
EMP0001513,1513,118852.0,4.0
EMP0001514,1514,25000.0,4.0
EMP0001515,1515,264517.0,4.0
EMP0001516,1516,91250.0,3.0
EMP0001517,1517,51022.0,4.0
EMP0001518,1518,58219.0,3.0
EMP0001519,1519,70257.0,3.0
EMP0001520,1520,130620.0,3.0
EMP0001521,1521,49370.0,4.0
EMP0001522,1522,44804.0,4.0
EMP0001523,1523,106058.0,4.0
EMP0001524,1524,51337.0,3.0
EMP0001526,1526,49489.0,4.0
EMP0001527,1527,115311.0,4.0
EMP0001528,1528,59144.0,3.0
EMP0001529,1529,58197.0,3.0
EMP0001532,1532,158996.0,3.0
EMP0001533,1533,93476.0,4.0
EMP0001534,1534,0.0,4.0
EMP0001535,1535,101404.0,4.0
EMP0001536,1536,86819.0,3.0
EMP0001537,1537,101283.0,3.0
EMP0001538,1538,0.0,4.0
EMP0001540,1540,193604.0,3.0
EMP0001541,1541,99176.0,4.0
EMP0001542,1542,60497.0,4.0
EMP0001543,1543,55213.0,4.0
EMP0001544,1544,90453.0,4.0
EMP0001545,1545,167725.0,3.0
EMP0001546,1546,57976.0,4.0
EMP0001547,1547,61279.0,4.0
EMP0001548,1548,96708.0,3.0
EMP0001549,1549,57853.0,4.0
EMP0001550,1550,91953.0,3.0
EMP0001551,1551,109070.0,4.0
EMP0001552,1552,76083.0,3.0
EMP0001553,1553,158181.0,4.0
EMP0001554,1554,45496.0,4.0
EMP0001555,1555,54498.0,3.0
EMP0001556,1556,95936.0,4.0
EMP0001557,1557,124522.0,3.0
EMP0001558,1558,153954.0,3.0
EMP0001531,1531,59159.0,3.0
EMP0001559,1559,166145.0,3.0
EMP0001560,1560,61902.0,3.0
EMP0001561,1561,69353.0,4.0
EMP0001562,1562,95097.0,3.0
EMP0001563,1563,122655.0,3.0
EMP0001564,1564,43402.0,3.0
EMP0001565,1565,90206.0,4.0
EMP0001566,1566,109255.0,4.0
EMP0001567,1567,50578.0,4.0
EMP0001568,1568,231826.0,4.0
EMP0001569,1569,71079.0,3.0
EMP0001570,1570,43583.0,3.0
EMP0001571,1571,73190.0,3.0
EMP0001572,1572,97821.0,4.0
EMP0001573,1573,172394.0,3.0
EMP0001574,1574,91492.0,4.0
EMP0001575,1575,174830.0,4.0
EMP0001576,1576,96097.0,3.0
EMP0001577,1577,68282.0,3.0
EMP0001578,1578,44250.0,3.0
EMP0001579,1579,91329.0,3.0
EMP0001580,1580,92077.0,4.0
EMP0001581,1581,56082.0,4.0
EMP0001582,1582,49102.0,3.0
EMP0001583,1583,152682.0,4.0
EMP0001584,1584,0.0,3.0
EMP0001585,1585,50754.0,3.0
EMP0001587,1587,105669.0,4.0
EMP0001588,1588,61619.0,4.0
EMP0001591,1591,124857.0,4.0
EMP0001586,1586,25000.0,3.0
EMP0001592,1592,96463.0,4.0
EMP0001593,1593,0.0,4.0
EMP0001594,1594,187726.0,4.0
EMP0001595,1595,56257.0,3.0
EMP0001596,1596,58649.0,4.0
EMP0001597,1597,111117.0,3.0
EMP0001599,1599,131742.0,4.0
EMP0001600,1600,64857.0,3.0
EMP0001601,1601,63087.0,3.0
EMP0001602,1602,114494.0,4.0
EMP0001603,1603,237091.0,3.0
EMP0001604,1604,63504.0,3.0
EMP0001605,1605,128421.0,3.0
EMP0001606,1606,126190.0,4.0
EMP0001607,1607,74714.0,4.0
EMP0001608,1608,59511.0,4.0
EMP0001609,1609,97567.0,3.0
EMP0001610,1610,240149.0,4.0
EMP0001611,1611,185546.0,4.0
EMP0001612,1612,62475.0,4.0
EMP0001614,1614,61597.0,4.0
EMP0001615,1615,196276.0,4.0
EMP0001616,1616,0.0,4.0
EMP0001618,1618,89047.0,3.0
EMP0001619,1619,141215.0,4.0
EMP0001620,1620,94799.0,4.0
EMP0001621,1621,182677.0,3.0
EMP0001622,1622,58933.0,4.0
EMP0001623,1623,43685.0,3.0
EMP0001624,1624,58576.0,4.0
EMP0001617,1617,166065.0,4.0
EMP0001625,1625,78906.0,3.0
EMP0001626,1626,90863.0,3.0
EMP0001627,1627,55559.0,4.0
EMP0001628,1628,54741.0,3.0
EMP0001629,1629,0.0,3.0
EMP0001630,1630,60483.0,4.0
EMP0001631,1631,177802.0,3.0
EMP0001632,1632,146231.0,3.0
EMP0001633,1633,52956.0,4.0
EMP0001634,1634,100973.0,3.0
EMP0001635,1635,82804.0,4.0
EMP0001636,1636,53763.0,3.0
EMP0001637,1637,84001.0,4.0
EMP0001638,1638,1628835.0,4.0
EMP0001640,1640,58281.0,4.0
EMP0001641,1641,139213.0,4.0
EMP0001642,1642,99590.0,4.0
EMP0001643,1643,103280.0,4.0
EMP0001644,1644,41555.0,3.0
EMP0001646,1646,57916.0,4.0
EMP0001647,1647,46744.0,3.0
EMP0001648,1648,139835.0,4.0
EMP0001650,1650,107045.0,3.0
EMP0001651,1651,60101.0,3.0
EMP0001652,1652,174990.0,4.0
EMP0001653,1653,48621.0,4.0
EMP0001654,1654,61811.0,4.0
EMP0001655,1655,0.0,4.0
EMP0001656,1656,114029.0,4.0
EMP0001657,1657,151819.0,4.0
EMP0001658,1658,123427.0,3.0
EMP0001639,1639,114706.0,3.0
EMP0001659,1659,90902.0,4.0
EMP0001660,1660,105916.0,4.0
EMP0001661,1661,50042.0,4.0
EMP0001662,1662,56344.0,3.0
EMP0001663,1663,92869.0,3.0
EMP0001664,1664,99761.0,3.0
EMP0001665,1665,154196.0,3.0
EMP0001666,1666,51306.0,4.0
EMP0001667,1667,98755.0,4.0
EMP0001668,1668,82834.0,4.0
EMP0001669,1669,0.0,4.0
EMP0001670,1670,106327.0,4.0
EMP0001671,1671,47681.0,4.0
EMP0001672,1672,0.0,4.0
EMP0001673,1673,63962.0,4.0
EMP0001674,1674,142245.0,4.0
EMP0001675,1675,85930.0,3.0
EMP0001676,1676,164813.0,3.0
EMP0001677,1677,58586.0,3.0
EMP0001678,1678,166316.0,3.0
EMP0001679,1679,75792.0,4.0
EMP0001680,1680,97462.0,3.0
EMP0001681,1681,175930.0,3.0
EMP0001682,1682,0.0,3.0
EMP0001683,1683,271463.0,4.0
EMP0001684,1684,25000.0,3.0
EMP0001685,1685,179645.0,3.0
EMP0001686,1686,163161.0,3.0
EMP0001687,1687,163254.0,3.0
EMP0001688,1688,57113.0,3.0
EMP0001689,1689,50782.0,3.0
EMP0001690,1690,69974.0,4.0
EMP0001691,1691,92910.0,3.0
EMP0001693,1693,65254.0,3.0
EMP0001694,1694,87084.0,4.0
EMP0001695,1695,84261.0,4.0
EMP0001696,1696,180541.0,4.0
EMP0001697,1697,54775.0,4.0
EMP0001698,1698,59925.0,4.0
EMP0001699,1699,225897.0,4.0
EMP0001700,1700,95940.0,3.0
EMP0001701,1701,92496.0,3.0
EMP0001702,1702,164721.0,4.0
EMP0001703,1703,58091.0,3.0
EMP0001704,1704,64013.0,3.0
EMP0001705,1705,68733.0,4.0
EMP0001706,1706,87613.0,4.0
EMP0001707,1707,108609.0,3.0
EMP0001708,1708,48500.0,3.0
EMP0001709,1709,56092.0,3.0
EMP0001710,1710,90948.0,4.0
EMP0001711,1711,68478.0,3.0
EMP0001712,1712,178770.0,4.0
EMP0001713,1713,260102.0,3.0
EMP0001714,1714,55514.0,4.0
EMP0001715,1715,167959.0,4.0
EMP0001716,1716,85189.0,4.0
EMP0001717,1717,0.0,4.0
EMP0001718,1718,672750.0,3.0
EMP0001719,1719,82791.0,3.0
EMP0001720,1720,55235.0,3.0
EMP0001721,1721,59958.0,4.0
EMP0001722,1722,0.0,3.0
EMP0001723,1723,1.0,4.0
EMP0001724,1724,56422.0,3.0
EMP0001725,1725,92681.0,3.0
EMP0001727,1727,85311.0,4.0
EMP0001728,1728,46435.0,3.0
EMP0001729,1729,86509.0,3.0
EMP0001730,1730,56294.0,3.0
EMP0001731,1731,45347.0,4.0
EMP0001733,1733,46389.0,4.0
EMP0001734,1734,46461.0,3.0
EMP0001735,1735,157294.0,4.0
EMP0001736,1736,70732.0,3.0
EMP0001737,1737,89488.0,4.0
EMP0001738,1738,60362.0,4.0
EMP0001739,1739,61132.0,4.0
EMP0001740,1740,65352.0,3.0
EMP0001741,1741,109898.0,4.0
EMP0001742,1742,157759.0,3.0
EMP0001743,1743,55288.0,3.0
EMP0001745,1745,64881.0,4.0
EMP0001746,1746,166688.0,4.0
EMP0001747,1747,46470.0,3.0
EMP0001748,1748,52064.0,4.0
EMP0001749,1749,61242.0,3.0
EMP0001750,1750,55536.0,3.0
EMP0001751,1751,92952.0,4.0
EMP0001752,1752,117758.0,3.0
EMP0001753,1753,83678.0,3.0
EMP0001754,1754,141042.0,3.0
EMP0001755,1755,94992.0,4.0
EMP0001756,1756,91616.0,4.0
EMP0001757,1757,95577.0,3.0
EMP0001758,1758,119210.0,4.0
EMP0001759,1759,92898.0,3.0
EMP0001760,1760,154574.0,4.0
EMP0001763,1763,95187.0,4.0
EMP0001764,1764,54803.0,3.0
EMP0001765,1765,56805.0,3.0
EMP0001766,1766,94772.0,3.0
EMP0001767,1767,102715.0,4.0
EMP0001768,1768,141706.0,4.0
EMP0001769,1769,124858.0,3.0
EMP0001770,1770,137920.0,4.0
EMP0001771,1771,145671.0,4.0
EMP0001772,1772,111860.0,4.0
EMP0001773,1773,170281.0,4.0
EMP0001774,1774,91532.0,4.0
EMP0001776,1776,106462.0,4.0
EMP0001777,1777,143160.0,4.0
EMP0001778,1778,0.0,4.0
EMP0001779,1779,46053.0,3.0
EMP0001780,1780,229477.0,3.0
EMP0001781,1781,179306.0,4.0
EMP0001782,1782,103141.0,4.0
EMP0001783,1783,105431.0,4.0
EMP0001784,1784,128288.0,4.0
EMP0001785,1785,46139.0,4.0
EMP0001786,1786,108896.0,3.0
EMP0001787,1787,102296.0,4.0
EMP0001788,1788,190030.0,4.0
EMP0001789,1789,104451.0,4.0
EMP0001791,1791,90681.0,3.0
EMP0001792,1792,150516.0,3.0
EMP0001793,1793,59372.0,3.0
EMP0001794,1794,68361.0,3.0
EMP0001795,1795,143727.0,3.0
EMP0001790,1790,97942.0,3.0
EMP0001796,1796,88726.0,4.0
EMP0001797,1797,252798.0,3.0
EMP0001798,1798,0.0,3.0
EMP0001799,1799,42785.0,3.0
EMP0001800,1800,64068.0,3.0
EMP0001801,1801,53539.0,4.0
EMP0001802,1802,68266.0,3.0
EMP0001803,1803,63287.0,4.0
EMP0001804,1804,63542.0,3.0
EMP0001805,1805,101345.0,3.0
EMP0001807,1807,50945.0,3.0
EMP0001808,1808,58788.0,4.0
EMP0001809,1809,80380.0,4.0
EMP0001810,1810,58978.0,3.0
EMP0001812,1812,255033.0,4.0
EMP0001813,1813,0.0,4.0
EMP0001814,1814,0.0,3.0
EMP0001815,1815,144234.0,3.0
EMP0001816,1816,84412.0,3.0
EMP0001817,1817,53465.0,4.0
EMP0001818,1818,175898.0,4.0
EMP0001819,1819,72101.0,3.0
EMP0001820,1820,107147.0,3.0
EMP0001822,1822,57079.0,4.0
EMP0001823,1823,133601.0,4.0
EMP0001824,1824,62959.0,4.0
EMP0001825,1825,99414.0,3.0
EMP0001826,1826,88838.0,3.0
EMP0001827,1827,100960.0,4.0
EMP0001828,1828,142408.0,3.0
EMP0001862,1862,150423.0,3.0
EMP0001829,1829,43255.0,3.0
EMP0001830,1830,87433.0,3.0
EMP0001831,1831,81877.0,4.0
EMP0001833,1833,116868.0,3.0
EMP0001835,1835,43743.0,3.0
EMP0001836,1836,61617.0,4.0
EMP0001837,1837,91531.0,3.0
EMP0001838,1838,51796.0,4.0
EMP0001839,1839,72597.0,4.0
EMP0001840,1840,100741.0,3.0
EMP0001841,1841,86208.0,4.0
EMP0001842,1842,94286.0,4.0
EMP0001843,1843,59136.0,4.0
EMP0001844,1844,129277.0,3.0
EMP0001845,1845,56629.0,4.0
EMP0001846,1846,68640.0,4.0
EMP0001847,1847,88321.0,4.0
EMP0001848,1848,65161.0,4.0
EMP0001849,1849,0.0,4.0
EMP0001850,1850,108491.0,4.0
EMP0001851,1851,70159.0,4.0
EMP0001852,1852,101379.0,3.0
EMP0001853,1853,0.0,3.0
EMP0001854,1854,98780.0,3.0
EMP0001855,1855,58980.0,4.0
EMP0001856,1856,217745.0,4.0
EMP0001857,1857,147634.0,3.0
EMP0001858,1858,90063.0,4.0
EMP0001859,1859,93893.0,3.0
EMP0001860,1860,96247.0,3.0
EMP0001861,1861,178211.0,4.0
EMP0001832,1832,95539.0,3.0
EMP0001863,1863,89793.0,4.0
EMP0001864,1864,53779.0,4.0
EMP0001865,1865,54098.0,3.0
EMP0001866,1866,77328.0,3.0
EMP0001867,1867,98448.0,3.0
EMP0001868,1868,0.0,4.0
EMP0001869,1869,42979.0,3.0
EMP0001870,1870,87776.0,4.0
EMP0001871,1871,102568.0,3.0
EMP0001873,1873,61386.0,3.0
EMP0001874,1874,103844.0,4.0
EMP0001875,1875,116262.0,4.0
EMP0001876,1876,266603.0,4.0
EMP0001877,1877,54884.0,4.0
EMP0001879,1879,41660.0,3.0
EMP0001880,1880,110293.0,3.0
EMP0001881,1881,70096.0,4.0
EMP0001882,1882,50472.0,3.0
EMP0001883,1883,128767.0,3.0
EMP0001884,1884,156361.0,3.0
EMP0001885,1885,47144.0,4.0
EMP0001886,1886,64583.0,3.0
EMP0001887,1887,160239.0,3.0
EMP0001888,1888,1.0,4.0
EMP0001889,1889,83678.0,4.0
EMP0001890,1890,42599.0,3.0
EMP0001891,1891,62034.0,4.0
EMP0001892,1892,82592.0,3.0
EMP0001893,1893,58912.0,4.0
EMP0001894,1894,84572.0,4.0
EMP0001895,1895,91658.0,3.0
EMP0001896,1896,116613.0,4.0
EMP0001872,1872,55848.0,3.0
EMP0001897,1897,106649.0,4.0
EMP0001898,1898,85245.0,4.0
EMP0001899,1899,54899.0,3.0
EMP0001900,1900,97854.0,4.0
EMP0001901,1901,104651.0,3.0
EMP0001902,1902,174830.0,3.0
EMP0001903,1903,181704.0,4.0
EMP0001905,1905,99876.0,4.0
EMP0001906,1906,100050.0,4.0
EMP0001907,1907,166014.0,4.0
EMP0001908,1908,159838.0,3.0
EMP0001910,1910,100200.0,3.0
EMP0001911,1911,55567.0,3.0
EMP0001912,1912,90583.0,3.0
EMP0001913,1913,142675.0,4.0
EMP0001914,1914,100538.0,3.0
EMP0001915,1915,54319.0,3.0
EMP0001916,1916,61358.0,4.0
EMP0001917,1917,49634.0,3.0
EMP0001918,1918,161311.0,4.0
EMP0001919,1919,238465.0,3.0
EMP0001920,1920,103039.0,3.0
EMP0001921,1921,63305.0,4.0
EMP0001922,1922,89576.0,4.0
EMP0001923,1923,65542.0,3.0
EMP0001924,1924,60277.0,4.0
EMP0001925,1925,0.0,4.0
EMP0001926,1926,102001.0,4.0
EMP0001927,1927,147208.0,3.0
EMP0001928,1928,100587.0,3.0
EMP0001929,1929,86078.0,3.0
EMP0001930,1930,94304.0,4.0
EMP0001931,1931,0.0,4.0
EMP0001932,1932,101893.0,4.0
EMP0001933,1933,50169.0,4.0
EMP0001934,1934,799965.0,3.0
EMP0001935,1935,127296.0,4.0
EMP0001936,1936,109917.0,3.0
EMP0001937,1937,160899.0,3.0
EMP0001938,1938,59160.0,4.0
EMP0001939,1939,88261.0,3.0
EMP0001940,1940,93102.0,3.0
EMP0001941,1941,60645.0,3.0
EMP0001942,1942,104512.0,4.0
EMP0001943,1943,99056.0,4.0
EMP0001944,1944,69712.0,3.0
EMP0001945,1945,98709.0,3.0
EMP0001946,1946,65441.0,4.0
EMP0001947,1947,102613.0,3.0
EMP0001948,1948,77135.0,3.0
EMP0001949,1949,84440.0,3.0
EMP0001950,1950,102377.0,3.0
EMP0001951,1951,130721.0,4.0
EMP0001952,1952,114811.0,4.0
EMP0001953,1953,106552.0,4.0
EMP0001955,1955,104599.0,4.0
EMP0001956,1956,236709.0,4.0
EMP0001957,1957,97359.0,3.0
EMP0001958,1958,104692.0,3.0
EMP0001959,1959,56967.0,4.0
EMP0001960,1960,0.0,4.0
EMP0001961,1961,0.0,4.0
EMP0001962,1962,122155.0,3.0
EMP0001963,1963,101682.0,3.0
EMP0001997,1997,55514.0,3.0
EMP0001964,1964,53088.0,3.0
EMP0001965,1965,104969.0,3.0
EMP0001966,1966,173662.0,3.0
EMP0001967,1967,45047.0,3.0
EMP0001968,1968,88783.0,3.0
EMP0001969,1969,76300.0,3.0
EMP0001970,1970,154851.0,4.0
EMP0001971,1971,81857.0,4.0
EMP0001972,1972,77159.0,3.0
EMP0001973,1973,61844.0,3.0
EMP0001974,1974,55211.0,4.0
EMP0001975,1975,0.0,4.0
EMP0001976,1976,92891.0,3.0
EMP0001979,1979,60107.0,4.0
EMP0001980,1980,0.0,3.0
EMP0001981,1981,89208.0,4.0
EMP0001982,1982,44248.0,4.0
EMP0001983,1983,136825.0,4.0
EMP0001984,1984,143915.0,3.0
EMP0001985,1985,52090.0,4.0
EMP0001986,1986,140045.0,4.0
EMP0001987,1987,0.0,3.0
EMP0001988,1988,86905.0,3.0
EMP0001989,1989,50015.0,3.0
EMP0001990,1990,69149.0,4.0
EMP0001991,1991,112897.0,4.0
EMP0001992,1992,48450.0,4.0
EMP0001993,1993,106181.0,4.0
EMP0001994,1994,148324.0,3.0
EMP0001995,1995,92507.0,3.0
EMP0001996,1996,92197.0,4.0
EMP0001998,1998,202462.0,4.0
EMP0001999,1999,61531.0,4.0
EMP0002000,2000,53599.0,3.0
EMP0002002,2002,89885.0,4.0
EMP0002003,2003,127154.0,4.0
EMP0002004,2004,129079.0,4.0
EMP0002005,2005,170194.0,3.0
EMP0002006,2006,0.0,3.0
EMP0002007,2007,179122.0,4.0
EMP0002008,2008,100623.0,3.0
EMP0002009,2009,232262.0,3.0
EMP0002011,2011,49295.0,4.0
EMP0002012,2012,102067.0,4.0
EMP0002013,2013,70598.0,3.0
EMP0002014,2014,234689.0,4.0
EMP0002015,2015,61202.0,3.0
EMP0002016,2016,182142.0,4.0
EMP0002018,2018,93383.0,3.0
EMP0002019,2019,106704.0,4.0
EMP0002020,2020,72828.0,3.0
EMP0002021,2021,102242.0,3.0
EMP0002023,2023,59563.0,4.0
EMP0002024,2024,162104.0,3.0
EMP0002025,2025,51868.0,3.0
EMP0002026,2026,50493.0,3.0
EMP0002027,2027,81334.0,4.0
EMP0002028,2028,83636.0,3.0
EMP0002029,2029,53194.0,3.0
EMP0002030,2030,42489.0,3.0
EMP0002001,2001,93777.0,4.0
EMP0002010,2010,96577.0,4.0
EMP0002031,2031,114119.0,4.0
EMP0002032,2032,104505.0,3.0
EMP0002033,2033,51527.0,4.0
EMP0002034,2034,45571.0,3.0
EMP0002035,2035,101398.0,3.0
EMP0002036,2036,88352.0,3.0
EMP0002037,2037,82192.0,3.0
EMP0002038,2038,138207.0,4.0
EMP0002039,2039,55180.0,3.0
EMP0002040,2040,93464.0,3.0
EMP0002041,2041,109439.0,4.0
EMP0002042,2042,139940.0,4.0
EMP0002043,2043,62441.0,3.0
EMP0002044,2044,147108.0,3.0
EMP0002045,2045,53334.0,4.0
EMP0002046,2046,83677.0,3.0
EMP0002047,2047,110696.0,3.0
EMP0002048,2048,106811.0,4.0
EMP0002049,2049,145998.0,3.0
EMP0002050,2050,94152.0,3.0
EMP0002051,2051,42330.0,3.0
EMP0002052,2052,60187.0,4.0
EMP0002053,2053,97786.0,3.0
EMP0002054,2054,99836.0,3.0
EMP0002055,2055,43340.0,4.0
EMP0002056,2056,66785.0,3.0
EMP0002057,2057,0.0,4.0
EMP0002058,2058,45370.0,4.0
EMP0002059,2059,150669.0,3.0
EMP0002060,2060,93255.0,4.0
EMP0002061,2061,47481.0,4.0
EMP0002062,2062,155421.0,4.0
EMP0002063,2063,99916.0,4.0
EMP0002064,2064,106542.0,3.0
EMP0002065,2065,100854.0,4.0
EMP0002066,2066,211620.0,4.0
EMP0002067,2067,104663.0,4.0
EMP0002068,2068,56988.0,3.0
EMP0002070,2070,53155.0,3.0
EMP0002071,2071,46369.0,4.0
EMP0002072,2072,68889.0,3.0
EMP0002073,2073,0.0,4.0
EMP0002074,2074,98362.0,3.0
EMP0002075,2075,2536740.0,4.0
EMP0002077,2077,102069.0,3.0
EMP0002078,2078,99126.0,3.0
EMP0002079,2079,99915.0,3.0
EMP0002080,2080,87587.0,4.0
EMP0002081,2081,181430.0,3.0
EMP0002082,2082,91091.0,3.0
EMP0002083,2083,47063.0,4.0
EMP0002084,2084,40639.0,3.0
EMP0002085,2085,161911.0,3.0
EMP0002086,2086,97105.0,3.0
EMP0002087,2087,58802.0,3.0
EMP0002088,2088,45590.0,4.0
EMP0002089,2089,83503.0,3.0
EMP0002090,2090,62053.0,4.0
EMP0002091,2091,48800.0,4.0
EMP0002093,2093,89932.0,3.0
EMP0002095,2095,0.0,4.0
EMP0002096,2096,96038.0,4.0
EMP0002069,2069,103251.0,4.0
EMP0002097,2097,155540.0,4.0
EMP0002098,2098,57791.0,4.0
EMP0002099,2099,67452.0,4.0
EMP0002100,2100,0.0,4.0
EMP0002101,2101,55141.0,3.0
EMP0002102,2102,94450.0,4.0
EMP0002103,2103,100511.0,3.0
EMP0002104,2104,231330.0,3.0
EMP0002105,2105,62758.0,4.0
EMP0002106,2106,105895.0,4.0
EMP0002107,2107,69177.0,3.0
EMP0002108,2108,63674.0,3.0
EMP0002109,2109,1463655.0,3.0
EMP0002110,2110,43489.0,3.0
EMP0002111,2111,0.0,3.0
EMP0002112,2112,59582.0,4.0
EMP0002113,2113,149855.0,3.0
EMP0002114,2114,164928.0,4.0
EMP0002115,2115,233372.0,3.0
EMP0002116,2116,64761.0,3.0
EMP0002117,2117,57670.0,3.0
EMP0002118,2118,80967.0,3.0
EMP0002119,2119,56672.0,4.0
EMP0002120,2120,63033.0,4.0
EMP0002122,2122,102492.0,4.0
EMP0002123,2123,84587.0,4.0
EMP0002124,2124,106038.0,3.0
EMP0002125,2125,57434.0,4.0
EMP0002126,2126,88785.0,3.0
EMP0002127,2127,178889.0,3.0
EMP0002128,2128,97859.0,3.0
EMP0002129,2129,123780.0,3.0
EMP0002130,2130,58944.0,4.0
EMP0002131,2131,67733.0,4.0
EMP0002132,2132,175219.0,4.0
EMP0002133,2133,68284.0,4.0
EMP0002134,2134,47689.0,3.0
EMP0002135,2135,258552.0,3.0
EMP0002137,2137,74562.0,4.0
EMP0002138,2138,45801.0,4.0
EMP0002139,2139,51073.0,3.0
EMP0002140,2140,100662.0,3.0
EMP0002141,2141,162132.0,3.0
EMP0002142,2142,61164.0,3.0
EMP0002143,2143,128727.0,3.0
EMP0002144,2144,61759.0,3.0
EMP0002145,2145,58374.0,4.0
EMP0002146,2146,55739.0,3.0
EMP0002147,2147,108309.0,3.0
EMP0002148,2148,93357.0,4.0
EMP0002149,2149,49658.0,4.0
EMP0002150,2150,149411.0,3.0
EMP0002151,2151,152429.0,4.0
EMP0002152,2152,89130.0,3.0
EMP0002153,2153,158510.0,3.0
EMP0002154,2154,97643.0,4.0
EMP0002155,2155,77051.0,3.0
EMP0002156,2156,93530.0,3.0
EMP0002157,2157,60418.0,3.0
EMP0002158,2158,87951.0,3.0
EMP0002159,2159,146033.0,4.0
EMP0002160,2160,92604.0,3.0
EMP0002163,2163,94659.0,3.0
EMP0002161,2161,115591.0,4.0
EMP0002164,2164,62955.0,3.0
EMP0002165,2165,-94230.0,4.0
EMP0002166,2166,106115.0,3.0
EMP0002167,2167,93182.0,4.0
EMP0002168,2168,55102.0,4.0
EMP0002169,2169,85499.0,3.0
EMP0002170,2170,65875.0,3.0
EMP0002171,2171,107565.0,4.0
EMP0002172,2172,98632.0,3.0
EMP0002173,2173,0.0,3.0
EMP0002174,2174,51198.0,4.0
EMP0002175,2175,86906.0,4.0
EMP0002176,2176,133415.0,4.0
EMP0002177,2177,61116.0,4.0
EMP0002178,2178,99350.0,3.0
EMP0002179,2179,51735.0,3.0
EMP0002180,2180,0.0,3.0
EMP0002181,2181,96554.0,3.0
EMP0002182,2182,46121.0,3.0
EMP0002183,2183,57586.0,4.0
EMP0002184,2184,59456.0,4.0
EMP0002186,2186,111173.0,4.0
EMP0002187,2187,99447.0,4.0
EMP0002188,2188,92712.0,4.0
EMP0002189,2189,57158.0,4.0
EMP0002190,2190,59661.0,4.0
EMP0002191,2191,52946.0,3.0
EMP0002192,2192,55600.0,4.0
EMP0002194,2194,0.0,3.0
EMP0002185,2185,112692.0,3.0
EMP0002198,2198,47513.0,4.0
EMP0002199,2199,98902.0,3.0
EMP0002200,2200,112433.0,4.0
EMP0002201,2201,53529.0,4.0
EMP0002202,2202,259898.0,3.0
EMP0002203,2203,111420.0,3.0
EMP0002204,2204,88984.0,3.0
EMP0002205,2205,78856.0,3.0
EMP0002206,2206,147418.0,4.0
EMP0002207,2207,79466.0,4.0
EMP0002208,2208,91677.0,4.0
EMP0002209,2209,66452.0,3.0
EMP0002210,2210,50363.0,4.0
EMP0002211,2211,106999.0,4.0
EMP0002212,2212,59030.0,4.0
EMP0002213,2213,178052.0,3.0
EMP0002214,2214,50812.0,3.0
EMP0002215,2215,54589.0,4.0
EMP0002216,2216,144021.0,4.0
EMP0002218,2218,110734.0,3.0
EMP0002219,2219,146097.0,3.0
EMP0002220,2220,48532.0,3.0
EMP0002221,2221,93949.0,4.0
EMP0002222,2222,0.0,4.0
EMP0002223,2223,79621.0,3.0
EMP0002224,2224,60542.0,4.0
EMP0002225,2225,57392.0,3.0
EMP0002226,2226,82151.0,4.0
EMP0002227,2227,169156.0,3.0
EMP0002228,2228,107530.0,4.0
EMP0002229,2229,60185.0,3.0
EMP0002230,2230,53749.0,4.0
EMP0002231,2231,77870.0,4.0
EMP0002232,2232,255125.0,4.0
EMP0002233,2233,0.0,3.0
EMP0002234,2234,84381.0,4.0
EMP0002236,2236,65521.0,4.0
EMP0002237,2237,0.0,4.0
EMP0002238,2238,80956.0,4.0
EMP0002239,2239,109016.0,3.0
EMP0002240,2240,48727.0,4.0
EMP0002241,2241,98965.0,3.0
EMP0002242,2242,96301.0,4.0
EMP0002243,2243,142848.0,3.0
EMP0002245,2245,102967.0,3.0
EMP0002246,2246,108144.0,3.0
EMP0002247,2247,99844.0,4.0
EMP0002248,2248,70039.0,4.0
EMP0002249,2249,84817.0,3.0
EMP0002250,2250,105494.0,4.0
EMP0002251,2251,104604.0,4.0
EMP0002252,2252,0.0,4.0
EMP0002253,2253,124537.0,4.0
EMP0002254,2254,106516.0,4.0
EMP0002255,2255,132709.0,3.0
EMP0002256,2256,163241.0,3.0
EMP0002258,2258,170816.0,3.0
EMP0002260,2260,49571.0,4.0
EMP0002261,2261,54843.0,4.0
EMP0002262,2262,220466.0,4.0
EMP0002263,2263,41762.0,3.0
EMP0002259,2259,93341.0,4.0
EMP0002264,2264,112451.0,4.0
EMP0002265,2265,90534.0,3.0
EMP0002266,2266,43085.0,4.0
EMP0002267,2267,94388.0,4.0
EMP0002268,2268,66063.0,3.0
EMP0002269,2269,52330.0,3.0
EMP0002270,2270,63510.0,3.0
EMP0002271,2271,95559.0,4.0
EMP0002272,2272,53186.0,3.0
EMP0002273,2273,147682.0,4.0
EMP0002274,2274,100556.0,4.0
EMP0002276,2276,163978.0,3.0
EMP0002277,2277,68922.0,3.0
EMP0002278,2278,63097.0,4.0
EMP0002279,2279,89030.0,3.0
EMP0002280,2280,97553.0,4.0
EMP0002281,2281,47775.0,4.0
EMP0002283,2283,62950.0,4.0
EMP0002284,2284,126022.0,4.0
EMP0002285,2285,57356.0,4.0
EMP0002286,2286,106845.0,3.0
EMP0002287,2287,153297.0,4.0
EMP0002288,2288,0.0,3.0
EMP0002289,2289,109393.0,3.0
EMP0002290,2290,58304.0,4.0
EMP0002292,2292,97603.0,4.0
EMP0002293,2293,53960.0,4.0
EMP0002294,2294,58130.0,4.0
EMP0002295,2295,50427.0,4.0
EMP0002296,2296,103774.0,3.0
EMP0002330,2330,102031.0,4.0
EMP0002297,2297,136794.0,3.0
EMP0002298,2298,263634.0,4.0
EMP0002299,2299,57146.0,3.0
EMP0002300,2300,41566.0,3.0
EMP0002301,2301,187679.0,4.0
EMP0002302,2302,77072.0,4.0
EMP0002303,2303,147584.0,4.0
EMP0002304,2304,46894.0,3.0
EMP0002305,2305,113745.0,3.0
EMP0002306,2306,-1.0,3.0
EMP0002307,2307,49403.0,4.0
EMP0002309,2309,132739.0,3.0
EMP0002310,2310,59675.0,3.0
EMP0002312,2312,86812.0,4.0
EMP0002313,2313,172597.0,3.0
EMP0002314,2314,42098.0,3.0
EMP0002315,2315,114554.0,4.0
EMP0002316,2316,70538.0,4.0
EMP0002317,2317,165248.0,4.0
EMP0002320,2320,87047.0,4.0
EMP0002321,2321,162374.0,4.0
EMP0002322,2322,45653.0,4.0
EMP0002323,2323,148100.0,3.0
EMP0002324,2324,101906.0,3.0
EMP0002325,2325,115229.0,4.0
EMP0002326,2326,0.0,4.0
EMP0002327,2327,89589.0,3.0
EMP0002328,2328,1.0,3.0
EMP0002329,2329,238718.0,4.0
EMP0002308,2308,45581.0,4.0
EMP0002319,2319,52620.0,4.0
EMP0002331,2331,110088.0,3.0
EMP0002332,2332,145380.0,3.0
EMP0002333,2333,101357.0,3.0
EMP0002334,2334,101050.0,3.0
EMP0002335,2335,148233.0,4.0
EMP0002336,2336,50210.0,4.0
EMP0002337,2337,94119.0,3.0
EMP0002338,2338,76740.0,4.0
EMP0002339,2339,64982.0,3.0
EMP0002340,2340,59675.0,3.0
EMP0002341,2341,168338.0,4.0
EMP0002342,2342,92783.0,3.0
EMP0002343,2343,49080.0,4.0
EMP0002344,2344,48616.0,3.0
EMP0002345,2345,80919.0,4.0
EMP0002346,2346,84682.0,3.0
EMP0002347,2347,104392.0,3.0
EMP0002348,2348,63175.0,3.0
EMP0002349,2349,110908.0,4.0
EMP0002350,2350,53575.0,4.0
EMP0002351,2351,0.0,4.0
EMP0002352,2352,140990.0,4.0
EMP0002353,2353,50326.0,3.0
EMP0002355,2355,0.0,4.0
EMP0002357,2357,107149.0,4.0
EMP0002358,2358,52664.0,3.0
EMP0002359,2359,102933.0,4.0
EMP0002360,2360,68025.0,3.0
EMP0002361,2361,0.0,4.0
EMP0002362,2362,64276.0,4.0
EMP0002363,2363,52681.0,4.0
EMP0002364,2364,98705.0,3.0
EMP0002365,2365,85644.0,4.0
EMP0002366,2366,57836.0,3.0
EMP0002367,2367,110559.0,3.0
EMP0002368,2368,50541.0,3.0
EMP0002369,2369,165740.0,4.0
EMP0002370,2370,117096.0,4.0
EMP0002371,2371,52286.0,4.0
EMP0002372,2372,88929.0,4.0
EMP0002373,2373,58164.0,4.0
EMP0002374,2374,98617.0,3.0
EMP0002375,2375,152058.0,3.0
EMP0002377,2377,177615.0,4.0
EMP0002378,2378,101195.0,4.0
EMP0002379,2379,0.0,4.0
EMP0002380,2380,42935.0,3.0
EMP0002381,2381,188258.0,4.0
EMP0002383,2383,155370.0,3.0
EMP0002384,2384,59305.0,4.0
EMP0002385,2385,113427.0,3.0
EMP0002386,2386,92393.0,4.0
EMP0002387,2387,97221.0,3.0
EMP0002388,2388,0.0,4.0
EMP0002389,2389,89400.0,3.0
EMP0002390,2390,100184.0,3.0
EMP0002391,2391,84979.0,4.0
EMP0002392,2392,107827.0,4.0
EMP0002393,2393,73725.0,3.0
EMP0002394,2394,80456.0,4.0
EMP0002395,2395,148113.0,4.0
EMP0002396,2396,48194.0,4.0
EMP0002376,2376,144724.0,4.0
EMP0002397,2397,55815.0,3.0
EMP0002398,2398,165718.0,3.0
EMP0002399,2399,87740.0,3.0
EMP0002400,2400,61990.0,4.0
EMP0002401,2401,62165.0,3.0
EMP0002402,2402,0.0,3.0
EMP0002404,2404,0.0,4.0
EMP0002405,2405,42226.0,4.0
EMP0002406,2406,153486.0,3.0
EMP0002407,2407,92059.0,3.0
EMP0002408,2408,154746.0,4.0
EMP0002409,2409,57233.0,4.0
EMP0002410,2410,89390.0,3.0
EMP0002411,2411,50677.0,3.0
EMP0002412,2412,113496.0,4.0
EMP0002413,2413,94616.0,3.0
EMP0002414,2414,0.0,4.0
EMP0002415,2415,52675.0,3.0
EMP0002416,2416,0.0,3.0
EMP0002417,2417,65733.0,3.0
EMP0002418,2418,93571.0,3.0
EMP0002419,2419,96666.0,3.0
EMP0002420,2420,56282.0,3.0
EMP0002421,2421,65634.0,4.0
EMP0002422,2422,58243.0,3.0
EMP0002423,2423,97542.0,3.0
EMP0002424,2424,101330.0,4.0
EMP0002425,2425,54840.0,3.0
EMP0002426,2426,105946.0,4.0
EMP0002427,2427,86702.0,4.0
EMP0002428,2428,0.0,3.0
EMP0002429,2429,0.0,4.0
EMP0002430,2430,47224.0,4.0
EMP0002431,2431,48382.0,3.0
EMP0002432,2432,57207.0,3.0
EMP0002433,2433,43248.0,3.0
EMP0002434,2434,42589.0,3.0
EMP0002435,2435,54223.0,3.0
EMP0002436,2436,47327.0,4.0
EMP0002437,2437,107341.0,3.0
EMP0002438,2438,47895.0,4.0
EMP0002439,2439,81829.0,4.0
EMP0002440,2440,88313.0,3.0
EMP0002441,2441,130241.0,3.0
EMP0002442,2442,45501.0,4.0
EMP0002443,2443,169622.0,4.0
EMP0002444,2444,137156.0,4.0
EMP0002445,2445,88919.0,3.0
EMP0002446,2446,56018.0,3.0
EMP0002448,2448,56282.0,3.0
EMP0002449,2449,138609.0,4.0
EMP0002450,2450,184553.0,4.0
EMP0002451,2451,177834.0,3.0
EMP0002452,2452,82516.0,3.0
EMP0002453,2453,53699.0,3.0
EMP0002454,2454,0.0,3.0
EMP0002455,2455,51129.0,4.0
EMP0002456,2456,65401.0,4.0
EMP0002457,2457,167547.0,3.0
EMP0002458,2458,155050.0,4.0
EMP0002459,2459,171600.0,3.0
EMP0002460,2460,169605.0,4.0
EMP0002461,2461,54806.0,3.0
EMP0002462,2462,109132.0,3.0
EMP0002463,2463,70965.0,3.0
EMP0002464,2464,114788.0,3.0
EMP0002465,2465,125380.0,3.0
EMP0002466,2466,160844.0,4.0
EMP0002467,2467,66014.0,4.0
EMP0002468,2468,48888.0,4.0
EMP0002469,2469,0.0,4.0
EMP0002470,2470,52710.0,3.0
EMP0002471,2471,97280.0,3.0
EMP0002472,2472,60222.0,4.0
EMP0002473,2473,76989.0,4.0
EMP0002474,2474,105241.0,3.0
EMP0002475,2475,88986.0,3.0
EMP0002476,2476,48225.0,3.0
EMP0002477,2477,113934.0,4.0
EMP0002478,2478,84605.0,4.0
EMP0002480,2480,110272.0,4.0
EMP0002481,2481,250438.0,4.0
EMP0002482,2482,141773.0,4.0
EMP0002483,2483,130035.0,3.0
EMP0002484,2484,146720.0,4.0
EMP0002485,2485,52549.0,3.0
EMP0002486,2486,169774.0,3.0
EMP0002487,2487,69906.0,4.0
EMP0002488,2488,69243.0,4.0
EMP0002489,2489,54521.0,3.0
EMP0002490,2490,96509.0,3.0
EMP0002491,2491,167080.0,4.0
EMP0002492,2492,47223.0,3.0
EMP0002493,2493,94977.0,4.0
EMP0002494,2494,165303.0,3.0
EMP0002495,2495,61941.0,4.0
EMP0002496,2496,70946.0,4.0
EMP0002497,2497,66205.0,3.0
EMP0002498,2498,85032.0,4.0
EMP0002499,2499,50748.0,4.0
EMP0002500,2500,88270.0,3.0
EMP0002501,2501,90985.0,3.0
EMP0002502,2502,57919.0,4.0
EMP0002503,2503,58906.0,4.0
EMP0002504,2504,46835.0,3.0
EMP0002505,2505,42370.0,3.0
EMP0002506,2506,68555.0,3.0
EMP0002508,2508,102564.0,4.0
EMP0002509,2509,44767.0,3.0
EMP0002510,2510,1.0,3.0
EMP0002511,2511,154347.0,3.0
EMP0002512,2512,68731.0,3.0
EMP0002513,2513,59323.0,4.0
EMP0002514,2514,96320.0,4.0
EMP0002515,2515,98450.0,4.0
EMP0002516,2516,95998.0,4.0
EMP0002517,2517,58407.0,4.0
EMP0002518,2518,85822.0,4.0
EMP0002519,2519,62330.0,4.0
EMP0002520,2520,88037.0,3.0
EMP0002521,2521,110072.0,4.0
EMP0002522,2522,84840.0,3.0
EMP0002523,2523,50692.0,3.0
EMP0002524,2524,59470.0,3.0
EMP0002525,2525,68945.0,3.0
EMP0002526,2526,87872.0,4.0
EMP0002527,2527,52380.0,4.0
EMP0002528,2528,78249.0,4.0
EMP0002562,2562,101845.0,4.0
EMP0002529,2529,172857.0,3.0
EMP0002530,2530,73674.0,3.0
EMP0002531,2531,95577.0,4.0
EMP0002532,2532,96841.0,3.0
EMP0002533,2533,87446.0,3.0
EMP0002534,2534,81332.0,4.0
EMP0002535,2535,57673.0,3.0
EMP0002536,2536,25000.0,4.0
EMP0002537,2537,168324.0,3.0
EMP0002538,2538,52725.0,4.0
EMP0002539,2539,94597.0,4.0
EMP0002540,2540,89885.0,4.0
EMP0002541,2541,0.0,3.0
EMP0002542,2542,66381.0,4.0
EMP0002543,2543,94739.0,4.0
EMP0002544,2544,211590.0,3.0
EMP0002545,2545,95145.0,3.0
EMP0002546,2546,87061.0,4.0
EMP0002547,2547,98348.0,3.0
EMP0002548,2548,55267.0,4.0
EMP0002549,2549,143817.0,3.0
EMP0002550,2550,57927.0,3.0
EMP0002551,2551,51228.0,4.0
EMP0002552,2552,163320.0,3.0
EMP0002553,2553,47350.0,4.0
EMP0002554,2554,167002.0,3.0
EMP0002555,2555,58149.0,4.0
EMP0002556,2556,76721.0,3.0
EMP0002557,2557,161638.0,4.0
EMP0002558,2558,265464.0,4.0
EMP0002559,2559,275733.0,4.0
EMP0002560,2560,84906.0,3.0
EMP0002561,2561,97388.0,3.0
EMP0002563,2563,51304.0,4.0
EMP0002564,2564,132883.0,3.0
EMP0002566,2566,119463.0,3.0
EMP0002567,2567,105914.0,3.0
EMP0002568,2568,87016.0,3.0
EMP0002569,2569,44444.0,4.0
EMP0002570,2570,174504.0,4.0
EMP0002572,2572,89700.0,3.0
EMP0002573,2573,105424.0,3.0
EMP0002574,2574,58522.0,4.0
EMP0002575,2575,60794.0,3.0
EMP0002576,2576,92580.0,3.0
EMP0002577,2577,52631.0,3.0
EMP0002578,2578,90136.0,4.0
EMP0002579,2579,56537.0,3.0
EMP0002580,2580,165600.0,3.0
EMP0002581,2581,0.0,4.0
EMP0002582,2582,67078.0,4.0
EMP0002583,2583,69042.0,3.0
EMP0002584,2584,143595.0,4.0
EMP0002585,2585,72000.0,3.0
EMP0002586,2586,70239.0,3.0
EMP0002587,2587,59130.0,4.0
EMP0002588,2588,67785.0,4.0
EMP0002589,2589,100168.0,3.0
EMP0002590,2590,54178.0,3.0
EMP0002591,2591,137236.0,3.0
EMP0002592,2592,92349.0,3.0
EMP0002593,2593,182582.0,4.0
EMP0002594,2594,59607.0,3.0
EMP0002595,2595,0.0,3.0
EMP0002596,2596,253986.0,4.0
EMP0002597,2597,137759.0,4.0
EMP0002598,2598,54566.0,3.0
EMP0002599,2599,84994.0,4.0
EMP0002600,2600,65519.0,3.0
EMP0002601,2601,81019.0,3.0
EMP0002602,2602,91205.0,3.0
EMP0002603,2603,164238.0,3.0
EMP0002604,2604,82923.0,3.0
EMP0002605,2605,92764.0,4.0
EMP0002606,2606,25000.0,4.0
EMP0002607,2607,89461.0,4.0
EMP0002608,2608,59292.0,3.0
EMP0002609,2609,53201.0,3.0
EMP0002610,2610,95609.0,4.0
EMP0002611,2611,42291.0,3.0
EMP0002612,2612,81279.0,4.0
EMP0002613,2613,149331.0,4.0
EMP0002614,2614,95594.0,4.0
EMP0002615,2615,56284.0,3.0
EMP0002616,2616,81812.0,4.0
EMP0002617,2617,78486.0,3.0
EMP0002618,2618,97066.0,3.0
EMP0002619,2619,190606.0,3.0
EMP0002620,2620,107383.0,4.0
EMP0002621,2621,88772.0,3.0
EMP0002622,2622,104230.0,3.0
EMP0002623,2623,108790.0,3.0
EMP0002624,2624,106918.0,3.0
EMP0002625,2625,59514.0,4.0
EMP0002626,2626,157363.0,3.0
EMP0002627,2627,92725.0,3.0
EMP0002629,2629,112916.0,4.0
EMP0002630,2630,75033.0,3.0
EMP0002631,2631,90132.0,3.0
EMP0002632,2632,88027.0,3.0
EMP0002633,2633,68094.0,4.0
EMP0002634,2634,116050.0,4.0
EMP0002635,2635,145137.0,4.0
EMP0002637,2637,53093.0,3.0
EMP0002638,2638,56634.0,3.0
EMP0002639,2639,59117.0,3.0
EMP0002640,2640,191895.0,3.0
EMP0002641,2641,84505.0,4.0
EMP0002643,2643,87709.0,3.0
EMP0002644,2644,107332.0,4.0
EMP0002645,2645,899745.0,3.0
EMP0002646,2646,57697.0,3.0
EMP0002647,2647,107539.0,4.0
EMP0002648,2648,110106.0,4.0
EMP0002649,2649,150624.0,4.0
EMP0002650,2650,54939.0,3.0
EMP0002652,2652,165795.0,4.0
EMP0002653,2653,117031.0,4.0
EMP0002654,2654,55235.0,4.0
EMP0002655,2655,89640.0,3.0
EMP0002656,2656,47360.0,4.0
EMP0002657,2657,0.0,3.0
EMP0002658,2658,98103.0,3.0
EMP0002659,2659,90218.0,4.0
EMP0002660,2660,259624.0,4.0
EMP0002661,2661,50386.0,3.0
EMP0002662,2662,90251.0,4.0
EMP0002663,2663,92541.0,4.0
EMP0002636,2636,170495.0,3.0
EMP0002664,2664,191829.0,4.0
EMP0002665,2665,183291.0,4.0
EMP0002666,2666,165731.0,3.0
EMP0002667,2667,0.0,4.0
EMP0002668,2668,74699.0,4.0
EMP0002669,2669,59232.0,3.0
EMP0002670,2670,104638.0,3.0
EMP0002671,2671,74896.0,4.0
EMP0002672,2672,50158.0,3.0
EMP0002673,2673,69214.0,4.0
EMP0002674,2674,136096.0,4.0
EMP0002676,2676,55927.0,4.0
EMP0002677,2677,159482.0,3.0
EMP0002678,2678,-55583.0,4.0
EMP0002680,2680,0.0,3.0
EMP0002681,2681,182719.0,4.0
EMP0002682,2682,147415.0,3.0
EMP0002683,2683,285544.0,3.0
EMP0002684,2684,58124.0,3.0
EMP0002685,2685,174589.0,3.0
EMP0002686,2686,42560.0,4.0
EMP0002687,2687,170259.0,3.0
EMP0002688,2688,195801.0,4.0
EMP0002689,2689,264642.0,4.0
EMP0002690,2690,49552.0,3.0
EMP0002691,2691,55567.0,3.0
EMP0002692,2692,56155.0,4.0
EMP0002693,2693,57759.0,4.0
EMP0002694,2694,105982.0,3.0
EMP0002695,2695,66046.0,3.0
EMP0002696,2696,57433.0,4.0
EMP0002697,2697,100720.0,3.0
EMP0002699,2699,112224.0,3.0
EMP0002700,2700,56065.0,4.0
EMP0002701,2701,52800.0,4.0
EMP0002702,2702,138377.0,3.0
EMP0002703,2703,56413.0,3.0
EMP0002704,2704,259428.0,4.0
EMP0002705,2705,76871.0,3.0
EMP0002706,2706,105846.0,3.0
EMP0002707,2707,104028.0,3.0
EMP0002708,2708,90037.0,4.0
EMP0002709,2709,90344.0,3.0
EMP0002710,2710,55995.0,4.0
EMP0002711,2711,161591.0,3.0
EMP0002712,2712,95949.0,4.0
EMP0002713,2713,40542.0,3.0
EMP0002714,2714,100335.0,3.0
EMP0002715,2715,60746.0,3.0
EMP0002716,2716,51669.0,4.0
EMP0002717,2717,111018.0,4.0
EMP0002718,2718,101250.0,4.0
EMP0002719,2719,158136.0,3.0
EMP0002720,2720,156344.0,4.0
EMP0002721,2721,82454.0,4.0
EMP0002722,2722,0.0,3.0
EMP0002723,2723,101604.0,3.0
EMP0002724,2724,55514.0,3.0
EMP0002725,2725,88880.0,4.0
EMP0002726,2726,0.0,3.0
EMP0002727,2727,82373.0,4.0
EMP0002728,2728,41743.0,4.0
EMP0002729,2729,83663.0,4.0
EMP0002730,2730,164903.0,4.0
EMP0002731,2731,52066.0,3.0
EMP0002732,2732,103027.0,4.0
EMP0002734,2734,55994.0,4.0
EMP0002735,2735,0.0,3.0
EMP0002736,2736,105011.0,4.0
EMP0002737,2737,59082.0,4.0
EMP0002738,2738,158788.0,3.0
EMP0002739,2739,64179.0,3.0
EMP0002740,2740,97234.0,3.0
EMP0002741,2741,56573.0,4.0
EMP0002742,2742,85954.0,3.0
EMP0002743,2743,132338.0,4.0
EMP0002744,2744,151085.0,3.0
EMP0002746,2746,45595.0,3.0
EMP0002748,2748,50079.0,4.0
EMP0002749,2749,59400.0,3.0
EMP0002750,2750,59211.0,3.0
EMP0002751,2751,0.0,3.0
EMP0002752,2752,0.0,4.0
EMP0002754,2754,68351.0,4.0
EMP0002755,2755,50014.0,4.0
EMP0002756,2756,63921.0,4.0
EMP0002757,2757,49395.0,3.0
EMP0002758,2758,45041.0,4.0
EMP0002759,2759,87307.0,4.0
EMP0002760,2760,98840.0,4.0
EMP0002761,2761,69830.0,3.0
EMP0002762,2762,172212.0,4.0
EMP0002763,2763,40275.0,4.0
EMP0002747,2747,51524.0,4.0
EMP0002764,2764,49421.0,4.0
EMP0002765,2765,68004.0,4.0
EMP0002766,2766,153924.0,3.0
EMP0002767,2767,101247.0,3.0
EMP0002768,2768,51180.0,3.0
EMP0002769,2769,86103.0,3.0
EMP0002770,2770,49401.0,3.0
EMP0002771,2771,97951.0,4.0
EMP0002772,2772,83989.0,3.0
EMP0002773,2773,86317.0,4.0
EMP0002774,2774,277344.0,4.0
EMP0002775,2775,0.0,4.0
EMP0002776,2776,66921.0,4.0
EMP0002777,2777,64274.0,3.0
EMP0002778,2778,174192.0,3.0
EMP0002779,2779,53111.0,3.0
EMP0002780,2780,88664.0,4.0
EMP0002781,2781,93630.0,4.0
EMP0002782,2782,63026.0,3.0
EMP0002783,2783,98050.0,4.0
EMP0002784,2784,105041.0,4.0
EMP0002786,2786,48988.0,4.0
EMP0002787,2787,52162.0,4.0
EMP0002788,2788,94111.0,3.0
EMP0002789,2789,43542.0,3.0
EMP0002790,2790,107809.0,4.0
EMP0002791,2791,164887.0,4.0
EMP0002794,2794,95087.0,3.0
EMP0002795,2795,181915.0,3.0
EMP0002796,2796,140477.0,3.0
EMP0002797,2797,98410.0,4.0
EMP0002799,2799,54319.0,4.0
EMP0002800,2800,0.0,3.0
EMP0002801,2801,85906.0,3.0
EMP0002802,2802,100410.0,3.0
EMP0002803,2803,53823.0,3.0
EMP0002804,2804,72003.0,4.0
EMP0002805,2805,141869.0,4.0
EMP0002806,2806,49163.0,3.0
EMP0002807,2807,171736.0,3.0
EMP0002808,2808,46863.0,3.0
EMP0002809,2809,97282.0,3.0
EMP0002810,2810,105867.0,3.0
EMP0002811,2811,115189.0,3.0
EMP0002812,2812,48177.0,3.0
EMP0002813,2813,157038.0,3.0
EMP0002814,2814,97843.0,4.0
EMP0002815,2815,98874.0,3.0
EMP0002816,2816,156170.0,4.0
EMP0002818,2818,48732.0,4.0
EMP0002819,2819,91136.0,4.0
EMP0002821,2821,89749.0,3.0
EMP0002822,2822,142484.0,4.0
EMP0002823,2823,156876.0,3.0
EMP0002824,2824,95089.0,3.0
EMP0002825,2825,133274.0,3.0
EMP0002826,2826,2172345.0,3.0
EMP0002827,2827,154782.0,3.0
EMP0002828,2828,78989.0,3.0
EMP0002829,2829,60449.0,4.0
EMP0002817,2817,98497.0,4.0
EMP0002830,2830,44893.0,4.0
EMP0002831,2831,0.0,4.0
EMP0002832,2832,167242.0,4.0
EMP0002833,2833,149888.0,3.0
EMP0002834,2834,0.0,3.0
EMP0002835,2835,-145647.0,3.0
EMP0002836,2836,82481.0,4.0
EMP0002837,2837,100073.0,3.0
EMP0002838,2838,103087.0,3.0
EMP0002839,2839,55270.0,3.0
EMP0002840,2840,275545.0,3.0
EMP0002842,2842,102623.0,3.0
EMP0002843,2843,49361.0,3.0
EMP0002844,2844,165486.0,4.0
EMP0002845,2845,60417.0,3.0
EMP0002846,2846,96445.0,3.0
EMP0002848,2848,169826.0,4.0
EMP0002849,2849,46690.0,3.0
EMP0002850,2850,92637.0,4.0
EMP0002851,2851,163033.0,3.0
EMP0002852,2852,56782.0,3.0
EMP0002853,2853,94721.0,3.0
EMP0002854,2854,0.0,4.0
EMP0002855,2855,101765.0,4.0
EMP0002856,2856,49700.0,4.0
EMP0002857,2857,72898.0,3.0
EMP0002859,2859,875655.0,3.0
EMP0002860,2860,53318.0,3.0
EMP0002861,2861,105277.0,3.0
EMP0002862,2862,136310.0,4.0
EMP0002863,2863,59079.0,4.0
EMP0002841,2841,92549.0,4.0
EMP0002864,2864,93880.0,3.0
EMP0002865,2865,94968.0,4.0
EMP0002866,2866,56464.0,3.0
EMP0002867,2867,98136.0,4.0
EMP0002868,2868,47323.0,3.0
EMP0002869,2869,47088.0,4.0
EMP0002870,2870,49172.0,4.0
EMP0002871,2871,104971.0,3.0
EMP0002872,2872,84049.0,4.0
EMP0002873,2873,51004.0,4.0
EMP0002874,2874,0.0,3.0
EMP0002876,2876,119013.0,4.0
EMP0002877,2877,49755.0,4.0
EMP0002878,2878,42836.0,3.0
EMP0002879,2879,99147.0,4.0
EMP0002880,2880,153040.0,4.0
EMP0002881,2881,69014.0,3.0
EMP0002882,2882,101310.0,4.0
EMP0002883,2883,152706.0,4.0
EMP0002885,2885,145317.0,3.0
EMP0002886,2886,86527.0,4.0
EMP0002887,2887,156767.0,4.0
EMP0002888,2888,114086.0,3.0
EMP0002889,2889,54457.0,3.0
EMP0002890,2890,58503.0,4.0
EMP0002891,2891,51780.0,4.0
EMP0002892,2892,162091.0,3.0
EMP0002893,2893,52255.0,4.0
EMP0002894,2894,87113.0,4.0
EMP0002895,2895,62453.0,3.0
EMP0002896,2896,251588.0,4.0
EMP0002875,2875,145160.0,4.0
EMP0002897,2897,157384.0,3.0
EMP0002898,2898,81338.0,4.0
EMP0002899,2899,56116.0,4.0
EMP0002900,2900,0.0,4.0
EMP0002901,2901,141149.0,4.0
EMP0002902,2902,109279.0,3.0
EMP0002903,2903,55765.0,4.0
EMP0002904,2904,99115.0,4.0
EMP0002906,2906,99264.0,3.0
EMP0002907,2907,90244.0,3.0
EMP0002908,2908,86620.0,3.0
EMP0002909,2909,96316.0,3.0
EMP0002911,2911,69813.0,3.0
EMP0002912,2912,67818.0,3.0
EMP0002913,2913,77168.0,3.0
EMP0002914,2914,138903.0,4.0
EMP0002915,2915,47982.0,3.0
EMP0002916,2916,137006.0,4.0
EMP0002917,2917,92211.0,3.0
EMP0002918,2918,133700.0,3.0
EMP0002920,2920,53473.0,3.0
EMP0002921,2921,57396.0,4.0
EMP0002922,2922,66762.0,3.0
EMP0002923,2923,52959.0,3.0
EMP0002924,2924,84624.0,4.0
EMP0002925,2925,89199.0,3.0
EMP0002926,2926,74165.0,4.0
EMP0002928,2928,95934.0,4.0
EMP0002929,2929,104124.0,4.0
EMP0002910,2910,174574.0,3.0
EMP0002930,2930,60946.0,4.0
EMP0002931,2931,112476.0,3.0
EMP0002932,2932,95309.0,3.0
EMP0002933,2933,174267.0,4.0
EMP0002934,2934,76866.0,4.0
EMP0002935,2935,106234.0,3.0
EMP0002936,2936,167372.0,4.0
EMP0002937,2937,48701.0,4.0
EMP0002939,2939,94174.0,4.0
EMP0002940,2940,51000.0,3.0
EMP0002941,2941,41563.0,4.0
EMP0002942,2942,139854.0,4.0
EMP0002943,2943,69769.0,3.0
EMP0002945,2945,61023.0,3.0
EMP0002947,2947,52881.0,4.0
EMP0002948,2948,0.0,3.0
EMP0002949,2949,66292.0,4.0
EMP0002950,2950,46572.0,4.0
EMP0002951,2951,90587.0,3.0
EMP0002952,2952,59705.0,4.0
EMP0002953,2953,60232.0,4.0
EMP0002955,2955,59193.0,4.0
EMP0002956,2956,57558.0,4.0
EMP0002957,2957,166871.0,3.0
EMP0002958,2958,0.0,4.0
EMP0002959,2959,154477.0,4.0
EMP0002960,2960,88696.0,4.0
EMP0002961,2961,87485.0,3.0
EMP0002963,2963,54267.0,3.0
EMP0002944,2944,84482.0,4.0
EMP0002964,2964,163031.0,4.0
EMP0002965,2965,56457.0,4.0
EMP0002966,2966,92515.0,3.0
EMP0002967,2967,44842.0,3.0
EMP0002968,2968,109871.0,4.0
EMP0002969,2969,90168.0,4.0
EMP0002970,2970,95510.0,4.0
EMP0002971,2971,129309.0,4.0
EMP0002972,2972,60343.0,4.0
EMP0002973,2973,56248.0,4.0
EMP0002974,2974,53119.0,3.0
EMP0002975,2975,64727.0,4.0
EMP0002976,2976,265589.0,3.0
EMP0002977,2977,88115.0,3.0
EMP0002978,2978,0.0,4.0
EMP0002979,2979,43692.0,4.0
EMP0002980,2980,154071.0,3.0
EMP0002981,2981,57134.0,3.0
EMP0002982,2982,0.0,3.0
EMP0002983,2983,95771.0,4.0
EMP0002984,2984,64688.0,4.0
EMP0002985,2985,46206.0,4.0
EMP0002987,2987,54912.0,3.0
EMP0002988,2988,110546.0,4.0
EMP0002989,2989,51291.0,4.0
EMP0002991,2991,86400.0,4.0
EMP0002992,2992,153217.0,3.0
EMP0002993,2993,257128.0,4.0
EMP0002995,2995,127319.0,3.0
EMP0002996,2996,49014.0,3.0
EMP0002997,2997,52599.0,4.0
EMP0002998,2998,83971.0,4.0
EMP0002999,2999,94095.0,4.0
EMP0003000,3000,60256.0,3.0
EMP0000052,52,47322.0,99.0
EMP0000107,107,36795.0,99.0
EMP0000258,258,46728.0,99.0
EMP0000285,285,16368.0,99.0
EMP0000311,311,3498.0,99.0
EMP0000325,325,42075.0,99.0
EMP0000415,415,47784.0,99.0
EMP0000439,439,42108.0,99.0
EMP0000447,447,8811.0,99.0
EMP0000498,498,43395.0,99.0
EMP0000614,614,27357.0,99.0
EMP0000637,637,0.0,99.0
EMP0000648,648,22176.0,99.0
EMP0000694,694,17490.0,99.0
EMP0000716,716,27291.0,99.0
EMP0000740,740,34815.0,99.0
EMP0000780,780,43659.0,99.0
EMP0000783,783,38808.0,99.0
EMP0000834,834,6567.0,99.0
EMP0000849,849,20988.0,99.0
EMP0000906,906,22902.0,99.0
EMP0000961,961,33594.0,99.0
EMP0000967,967,19833.0,99.0
EMP0000977,977,45177.0,99.0
EMP0000988,988,17853.0,99.0
EMP0001022,1022,12639.0,99.0
EMP0001166,1166,19866.0,99.0
EMP0001185,1185,19272.0,99.0
EMP0001224,1224,36069.0,99.0
EMP0001253,1253,5973.0,99.0
EMP0001417,1417,43593.0,99.0
EMP0001428,1428,17919.0,99.0
EMP0001432,1432,26433.0,99.0
EMP0001484,1484,161295.0,99.0
EMP0001492,1492,67548.0,99.0
EMP0001530,1530,100153.0,99.0
EMP0001539,1539,0.0,99.0
EMP0001590,1590,141879.0,99.0
EMP0001613,1613,60630.0,99.0
EMP0001645,1645,129673.0,99.0
EMP0001649,1649,101259.0,99.0
EMP0001732,1732,65968.0,99.0
EMP0001775,1775,59557.0,99.0
EMP0001806,1806,43021.0,99.0
EMP0001811,1811,56060.0,99.0
EMP0001821,1821,97451.0,99.0
EMP0001834,1834,163023.0,99.0
EMP0001878,1878,90932.0,99.0
EMP0001904,1904,88609.0,99.0
EMP0001909,1909,266393.0,99.0
EMP0002017,2017,148999.0,99.0
EMP0002022,2022,57191.0,99.0
EMP0002092,2092,154279.0,99.0
EMP0002193,2193,88231.0,99.0
EMP0002195,2195,71495.0,99.0
EMP0002196,2196,91828.0,99.0
EMP0002197,2197,116752.0,99.0
EMP0002235,2235,49392.0,99.0
EMP0002244,2244,251625.0,99.0
EMP0002257,2257,61376.0,99.0
EMP0002318,2318,80896.0,99.0
EMP0002382,2382,152904.0,99.0
EMP0002479,2479,97841.0,99.0
EMP0002507,2507,49866.0,99.0
EMP0002628,2628,127735.0,99.0
EMP0002651,2651,73950.0,99.0
EMP0002698,2698,88017.0,99.0
EMP0002733,2733,100408.0,99.0
EMP0002745,2745,56315.0,99.0
EMP0002753,2753,150350.0,99.0
EMP0002798,2798,60632.0,99.0
EMP0002820,2820,48991.0,99.0
EMP0002858,2858,0.0,99.0
EMP0002905,2905,59389.0,99.0
EMP0002938,2938,42291.0,99.0
EMP0002946,2946,209634.0,99.0
EMP0002954,2954,167091.0,99.0
EMP0002962,2962,90132.0,99.0
EMP0002986,2986,149227.0,99.0
EMP0002990,2990,0.0,99.0
EMP0002994,2994,50354.0,99.0
EMP0000063,63,32637.0,3.0
EMP0000091,91,0.0,4.0
EMP0000207,207,37488.0,3.0
EMP0000212,212,27357.0,4.0
EMP0000214,214,48477.0,3.0
EMP0000217,217,11022.0,3.0
EMP0000268,268,22275.0,3.0
EMP0000337,337,10494.0,3.0
EMP0000358,358,24948.0,3.0
EMP0000371,371,5148.0,3.0
EMP0000381,381,45243.0,3.0
EMP0000442,442,48642.0,3.0
EMP0000540,540,10428.0,3.0
EMP0000562,562,20493.0,3.0
EMP0000570,570,47322.0,3.0
EMP0000672,672,18018.0,3.0
EMP0000768,768,4092.0,3.0
EMP0000882,882,0.0,3.0
EMP0000891,891,31878.0,3.0
EMP0000948,948,0.0,3.0
EMP0001002,1002,48246.0,3.0
EMP0001026,1026,48708.0,3.0
EMP0001037,1037,17259.0,3.0
EMP0001068,1068,18843.0,3.0
EMP0001074,1074,35739.0,3.0
EMP0001082,1082,33957.0,3.0
EMP0001089,1089,39930.0,3.0
EMP0001091,1091,14553.0,3.0
EMP0001104,1104,16236.0,3.0
EMP0001108,1108,29304.0,3.0
EMP0001134,1134,0.0,3.0
EMP0001169,1169,18711.0,3.0
EMP0001266,1266,25575.0,3.0
EMP0001303,1303,6105.0,3.0
EMP0001306,1306,14223.0,3.0
EMP0001333,1333,15147.0,4.0
EMP0001355,1355,38346.0,3.0
EMP0001359,1359,35607.0,3.0
EMP0001360,1360,24255.0,3.0
EMP0001366,1366,24618.0,3.0
EMP0001403,1403,42108.0,3.0
EMP0001411,1411,14652.0,3.0
EMP0001426,1426,16533.0,3.0
EMP0001427,1427,8811.0,3.0
EMP0001479,1479,0.0,4.0
EMP0001589,1589,55518.0,3.0
EMP0001744,1744,99885.0,3.0
EMP0001954,1954,85727.0,4.0
EMP0001977,1977,128405.0,3.0
EMP0001978,1978,112170.0,4.0
EMP0002076,2076,131523.0,3.0
EMP0002094,2094,45672.0,4.0
EMP0002121,2121,79779.0,4.0
EMP0002162,2162,97639.0,4.0
EMP0002217,2217,60868.0,4.0
EMP0002275,2275,85285.0,4.0
EMP0002282,2282,165984.0,4.0
EMP0002291,2291,72991.0,4.0
EMP0002354,2354,91048.0,4.0
EMP0002356,2356,0.0,3.0
EMP0002403,2403,127211.0,4.0
EMP0002447,2447,53856.0,4.0
EMP0002565,2565,50663.0,4.0
EMP0002571,2571,102371.0,3.0
EMP0002642,2642,106000.0,3.0
EMP0002675,2675,52877.0,4.0
EMP0002679,2679,95525.0,3.0
EMP0002785,2785,161823.0,4.0
EMP0002792,2792,98971.0,4.0
EMP0002793,2793,156435.0,3.0
EMP0002847,2847,140752.0,3.0
EMP0002919,2919,91650.0,4.0
EMP0002927,2927,109794.0,3.0
EMP0001598,1598,79809.0,99.0
EMP0002136,2136,104234.0,99.0
EMP0002311,2311,87692.0,99.0
EMP0002884,2884,98484.0,99.0
