"employee_id","employee_number","salario_mensual_original","salario_mensual_final"
EMP0000001,1,36366,36366
EMP0000002,2,9207,9207
EMP0000003,3,45309,45309
EMP0000004,4,,0
EMP0000005,5,19503,19503
EMP0000006,6,33165,33165
EMP0000007,7,43692,43692
EMP0000008,8,44814,44814
EMP0000009,9,7128,7128
EMP0000010,10,42867,42867
EMP0000011,11,26697,26697
EMP0000012,12,5049,5049
EMP0000013,13,22110,22110
EMP0000014,14,44418,44418
EMP0000015,15,3399,3399
EMP0000016,16,45837,45837
EMP0000017,17,11022,11022
EMP0000018,18,37059,37059
EMP0000019,19,40227,40227
EMP0000020,20,12243,12243
EMP0000021,21,22209,22209
EMP0000022,22,40194,40194
EMP0000023,23,,0
EMP0000024,24,12903,12903
EMP0000025,25,23067,23067
EMP0000026,26,42306,42306
EMP0000027,27,37125,37125
EMP0000028,28,22803,22803
EMP0000029,29,15741,15741
EMP0000030,30,23265,23265
EMP0000031,31,30492,30492
EMP0000032,32,48147,48147
EMP0000033,33,4125,4125
EMP0000034,34,,0
EMP0000035,35,26829,26829
EMP0000036,36,42009,42009
EMP0000037,37,28677,28677
EMP0000038,38,29370,29370
EMP0000039,39,28116,28116
EMP0000040,40,37653,37653
EMP0000041,41,15312,15312
EMP0000042,42,,0
EMP0000043,43,44781,44781
EMP0000044,44,32802,32802
EMP0000045,45,23793,23793
EMP0000046,46,44880,44880
EMP0000047,47,35145,35145
EMP0000048,48,13464,13464
EMP0000049,49,39963,39963
EMP0000050,50,40557,40557
EMP0000051,51,20658,20658
EMP0000053,53,49104,49104
EMP0000054,54,36201,36201
EMP0000055,55,47619,47619
EMP0000056,56,16995,16995
EMP0000057,57,28149,28149
EMP0000058,58,37686,37686
EMP0000059,59,21615,21615
EMP0000060,60,36795,36795
EMP0000061,61,14091,14091
EMP0000062,62,21549,21549
EMP0000063,63,32637,32637
EMP0000064,64,47355,47355
EMP0000065,65,40359,40359
EMP0000066,66,27588,27588
EMP0000067,67,39435,39435
EMP0000068,68,44187,44187
EMP0000069,69,21912,21912
EMP0000070,70,10494,10494
EMP0000071,71,40425,40425
EMP0000072,72,43824,43824
EMP0000073,73,35706,35706
EMP0000074,74,18084,18084
EMP0000075,75,4356,4356
EMP0000076,76,24618,24618
EMP0000077,77,25608,25608
EMP0000078,78,6369,6369
EMP0000079,79,13101,13101
EMP0000080,80,31185,31185
EMP0000081,81,28116,28116
EMP0000082,82,40062,40062
EMP0000083,83,3663,3663
EMP0000084,84,18909,18909
EMP0000085,85,38049,38049
EMP0000086,86,46200,46200
EMP0000087,87,17853,17853
EMP0000088,88,25000,25000
EMP0000089,89,9504,9504
EMP0000090,90,22077,22077
EMP0000091,91,,0
EMP0000092,92,20856,20856
EMP0000093,93,44022,44022
EMP0000094,94,21054,21054
EMP0000095,95,36069,36069
EMP0000096,96,40161,40161
EMP0000097,97,44649,44649
EMP0000098,98,3960,3960
EMP0000099,99,22506,22506
EMP0000100,100,16137,16137
EMP0000101,101,-26631,-26631
EMP0000102,102,27291,27291
EMP0000103,103,28743,28743
EMP0000104,104,21945,21945
EMP0000105,105,34320,34320
EMP0000106,106,46860,46860
EMP0000108,108,7920,7920
EMP0000109,109,42240,42240
EMP0000110,110,17622,17622
EMP0000111,111,48048,48048
EMP0000112,112,21714,21714
EMP0000113,113,4686,4686
EMP0000114,114,25000,25000
EMP0000115,115,34023,34023
EMP0000116,116,39237,39237
EMP0000117,117,44682,44682
EMP0000118,118,48411,48411
EMP0000119,119,30426,30426
EMP0000120,120,13002,13002
EMP0000121,121,43296,43296
EMP0000122,122,24750,24750
EMP0000123,123,14553,14553
EMP0000124,124,22572,22572
EMP0000125,125,8217,8217
EMP0000126,126,27753,27753
EMP0000127,127,4851,4851
EMP0000128,128,17424,17424
EMP0000129,129,19602,19602
EMP0000130,130,15510,15510
EMP0000131,131,31581,31581
EMP0000132,132,26697,26697
EMP0000133,133,17886,17886
EMP0000134,134,26466,26466
EMP0000135,135,44715,44715
EMP0000136,136,7128,7128
EMP0000137,137,37950,37950
EMP0000138,138,43857,43857
EMP0000139,139,31647,31647
EMP0000140,140,40920,40920
EMP0000141,141,34089,34089
EMP0000142,142,43428,43428
EMP0000143,143,12012,12012
EMP0000144,144,14454,14454
EMP0000145,145,22737,22737
EMP0000146,146,6633,6633
EMP0000147,147,47091,47091
EMP0000148,148,28281,28281
EMP0000149,149,30789,30789
EMP0000150,150,38973,38973
EMP0000151,151,46035,46035
EMP0000152,152,21846,21846
EMP0000153,153,47388,47388
EMP0000154,154,6402,6402
EMP0000155,155,31911,31911
EMP0000156,156,49368,49368
EMP0000157,157,38577,38577
EMP0000158,158,37785,37785
EMP0000159,159,20790,20790
EMP0000160,160,9999,9999
EMP0000161,161,41448,41448
EMP0000162,162,22803,22803
EMP0000163,163,14520,14520
EMP0000164,164,11022,11022
EMP0000165,165,47850,47850
EMP0000166,166,47916,47916
EMP0000167,167,15345,15345
EMP0000168,168,44187,44187
EMP0000169,169,23166,23166
EMP0000170,170,3960,3960
EMP0000171,171,38181,38181
EMP0000172,172,19866,19866
EMP0000173,173,48840,48840
EMP0000174,174,3663,3663
EMP0000175,175,41844,41844
EMP0000176,176,,0
EMP0000177,177,4422,4422
EMP0000178,178,9999,9999
EMP0000179,179,17358,17358
EMP0000180,180,45540,45540
EMP0000181,181,4620,4620
EMP0000182,182,20757,20757
EMP0000183,183,44748,44748
EMP0000184,184,25000,25000
EMP0000185,185,35772,35772
EMP0000186,186,,0
EMP0000187,187,32637,32637
EMP0000188,188,22836,22836
EMP0000189,189,35277,35277
EMP0000190,190,10329,10329
EMP0000191,191,23067,23067
EMP0000192,192,29502,29502
EMP0000193,193,18348,18348
EMP0000194,194,44352,44352
EMP0000195,195,39435,39435
EMP0000196,196,9570,9570
EMP0000197,197,4554,4554
EMP0000198,198,30558,30558
EMP0000199,199,41613,41613
EMP0000200,200,35772,35772
EMP0000201,201,15576,15576
EMP0000202,202,,0
EMP0000203,203,434610,434610
EMP0000204,204,447975,447975
EMP0000205,205,38940,38940
EMP0000206,206,3993,3993
EMP0000207,207,37488,37488
EMP0000208,208,20955,20955
EMP0000209,209,37983,37983
EMP0000210,210,21252,21252
EMP0000211,211,34485,34485
EMP0000212,212,27357,27357
EMP0000213,213,40986,40986
EMP0000214,214,48477,48477
EMP0000215,215,25000,25000
EMP0000216,216,29568,29568
EMP0000217,217,11022,11022
EMP0000218,218,32736,32736
EMP0000219,219,34716,34716
EMP0000220,220,37851,37851
EMP0000221,221,46068,46068
EMP0000222,222,4851,4851
EMP0000223,223,21879,21879
EMP0000224,224,,0
EMP0000225,225,32307,32307
EMP0000226,226,4686,4686
EMP0000227,227,10527,10527
EMP0000228,228,46629,46629
EMP0000229,229,31152,31152
EMP0000230,230,29568,29568
EMP0000231,231,,0
EMP0000232,232,17556,17556
EMP0000233,233,26994,26994
EMP0000234,234,28182,28182
EMP0000235,235,26829,26829
EMP0000236,236,34122,34122
EMP0000237,237,15345,15345
EMP0000238,238,25443,25443
EMP0000239,239,46233,46233
EMP0000240,240,16995,16995
EMP0000241,241,47223,47223
EMP0000242,242,32208,32208
EMP0000243,243,46563,46563
EMP0000244,244,42900,42900
EMP0000245,245,,0
EMP0000246,246,43791,43791
EMP0000247,247,,0
EMP0000248,248,15510,15510
EMP0000249,249,25000,25000
EMP0000250,250,39567,39567
EMP0000251,251,16632,16632
EMP0000252,252,16665,16665
EMP0000253,253,21945,21945
EMP0000254,254,30228,30228
EMP0000255,255,,0
EMP0000256,256,22605,22605
EMP0000257,257,8877,8877
EMP0000259,259,27489,27489
EMP0000260,260,10131,10131
EMP0000261,261,43263,43263
EMP0000262,262,43791,43791
EMP0000263,263,4224,4224
EMP0000264,264,16104,16104
EMP0000265,265,17457,17457
EMP0000266,266,39930,39930
EMP0000267,267,48279,48279
EMP0000268,268,22275,22275
EMP0000269,269,45705,45705
EMP0000270,270,46299,46299
EMP0000271,271,14916,14916
EMP0000272,272,21978,21978
EMP0000273,273,38214,38214
EMP0000274,274,7524,7524
EMP0000275,275,32868,32868
EMP0000276,276,24024,24024
EMP0000277,277,43395,43395
EMP0000278,278,,0
EMP0000279,279,48807,48807
EMP0000280,280,26301,26301
EMP0000281,281,35310,35310
EMP0000282,282,20955,20955
EMP0000283,283,-14586,-14586
EMP0000284,284,,0
EMP0000286,286,45276,45276
EMP0000287,287,30360,30360
EMP0000288,288,22704,22704
EMP0000289,289,,0
EMP0000290,290,36861,36861
EMP0000291,291,20988,20988
EMP0000292,292,16698,16698
EMP0000293,293,14652,14652
EMP0000294,294,31350,31350
EMP0000295,295,29337,29337
EMP0000296,296,18315,18315
EMP0000297,297,7590,7590
EMP0000298,298,40656,40656
EMP0000299,299,18678,18678
EMP0000300,300,42966,42966
EMP0000301,301,11022,11022
EMP0000302,302,26796,26796
EMP0000303,303,48708,48708
EMP0000304,304,,0
EMP0000305,305,37356,37356
EMP0000306,306,36465,36465
EMP0000307,307,29898,29898
EMP0000308,308,28017,28017
EMP0000309,309,12870,12870
EMP0000310,310,22803,22803
EMP0000312,312,41217,41217
EMP0000313,313,6336,6336
EMP0000314,314,18249,18249
EMP0000315,315,3861,3861
EMP0000316,316,6105,6105
EMP0000317,317,36003,36003
EMP0000318,318,23859,23859
EMP0000319,319,40260,40260
EMP0000320,320,19404,19404
EMP0000321,321,45441,45441
EMP0000322,322,22803,22803
EMP0000323,323,33594,33594
EMP0000324,324,38181,38181
EMP0000326,326,26334,26334
EMP0000327,327,22176,22176
EMP0000328,328,-38346,-38346
EMP0000329,329,16764,16764
EMP0000330,330,48906,48906
EMP0000331,331,18447,18447
EMP0000332,332,6930,6930
EMP0000333,333,30624,30624
EMP0000334,334,,0
EMP0000335,335,18117,18117
EMP0000336,336,37092,37092
EMP0000337,337,10494,10494
EMP0000338,338,24354,24354
EMP0000339,339,18810,18810
EMP0000340,340,37290,37290
EMP0000341,341,39336,39336
EMP0000342,342,11319,11319
EMP0000343,343,40656,40656
EMP0000344,344,4752,4752
EMP0000345,345,42768,42768
EMP0000346,346,43197,43197
EMP0000347,347,15939,15939
EMP0000348,348,43197,43197
EMP0000349,349,26730,26730
EMP0000350,350,24618,24618
EMP0000351,351,17952,17952
EMP0000352,352,35046,35046
EMP0000353,353,17490,17490
EMP0000354,354,43527,43527
EMP0000355,355,21153,21153
EMP0000356,356,30789,30789
EMP0000357,357,43956,43956
EMP0000358,358,24948,24948
EMP0000359,359,27885,27885
EMP0000360,360,17853,17853
EMP0000361,361,19569,19569
EMP0000362,362,38643,38643
EMP0000363,363,29535,29535
EMP0000364,364,11550,11550
EMP0000365,365,,0
EMP0000366,366,37752,37752
EMP0000367,367,4719,4719
EMP0000368,368,34518,34518
EMP0000369,369,18975,18975
EMP0000370,370,13464,13464
EMP0000371,371,5148,5148
EMP0000372,372,42339,42339
EMP0000373,373,24915,24915
EMP0000374,374,48477,48477
EMP0000375,375,10032,10032
EMP0000376,376,41613,41613
EMP0000377,377,38874,38874
EMP0000378,378,1,1
EMP0000379,379,44946,44946
EMP0000380,380,43263,43263
EMP0000381,381,45243,45243
EMP0000382,382,6666,6666
EMP0000383,383,18975,18975
EMP0000384,384,8349,8349
EMP0000385,385,5412,5412
EMP0000386,386,15312,15312
EMP0000387,387,36531,36531
EMP0000388,388,25047,25047
EMP0000389,389,6633,6633
EMP0000390,390,43065,43065
EMP0000391,391,32406,32406
EMP0000392,392,18315,18315
EMP0000393,393,27093,27093
EMP0000394,394,45573,45573
EMP0000395,395,15840,15840
EMP0000396,396,10329,10329
EMP0000397,397,48609,48609
EMP0000398,398,29403,29403
EMP0000399,399,35079,35079
EMP0000400,400,10857,10857
EMP0000401,401,40194,40194
EMP0000402,402,29898,29898
EMP0000403,403,35706,35706
EMP0000404,404,21285,21285
EMP0000405,405,42900,42900
EMP0000406,406,22704,22704
EMP0000407,407,,0
EMP0000408,408,6336,6336
EMP0000409,409,49170,49170
EMP0000410,410,17556,17556
EMP0000411,411,10461,10461
EMP0000412,412,13926,13926
EMP0000413,413,49005,49005
EMP0000414,414,45144,45144
EMP0000416,416,9768,9768
EMP0000417,417,49170,49170
EMP0000418,418,46134,46134
EMP0000419,419,44517,44517
EMP0000420,420,46200,46200
EMP0000421,421,32538,32538
EMP0000422,422,,0
EMP0000423,423,16137,16137
EMP0000424,424,46134,46134
EMP0000425,425,6930,6930
EMP0000426,426,36267,36267
EMP0000427,427,36828,36828
EMP0000428,428,49467,49467
EMP0000429,429,32439,32439
EMP0000430,430,,0
EMP0000431,431,4752,4752
EMP0000432,432,18084,18084
EMP0000433,433,42999,42999
EMP0000434,434,37125,37125
EMP0000435,435,42042,42042
EMP0000436,436,42141,42141
EMP0000437,437,25000,25000
EMP0000438,438,13629,13629
EMP0000440,440,17622,17622
EMP0000441,441,32604,32604
EMP0000442,442,48642,48642
EMP0000443,443,20955,20955
EMP0000444,444,45144,45144
EMP0000445,445,5379,5379
EMP0000446,446,36861,36861
EMP0000448,448,20427,20427
EMP0000449,449,9966,9966
EMP0000450,450,14619,14619
EMP0000451,451,27324,27324
EMP0000452,452,10527,10527
EMP0000453,453,18513,18513
EMP0000454,454,14058,14058
EMP0000455,455,7656,7656
EMP0000456,456,30426,30426
EMP0000457,457,22704,22704
EMP0000458,458,43098,43098
EMP0000459,459,36102,36102
EMP0000460,460,16797,16797
EMP0000461,461,25575,25575
EMP0000462,462,6435,6435
EMP0000463,463,8514,8514
EMP0000464,464,15543,15543
EMP0000465,465,26367,26367
EMP0001525,1525,100542,100542
EMP0000466,466,34122,34122
EMP0000467,467,42108,42108
EMP0000468,468,4686,4686
EMP0000469,469,31548,31548
EMP0000470,470,48642,48642
EMP0000471,471,,0
EMP0000472,472,49335,49335
EMP0000473,473,14718,14718
EMP0000474,474,41085,41085
EMP0000475,475,22803,22803
EMP0000476,476,23199,23199
EMP0000477,477,27159,27159
EMP0000478,478,41118,41118
EMP0000479,479,20526,20526
EMP0000480,480,42471,42471
EMP0000481,481,14784,14784
EMP0000482,482,8382,8382
EMP0000483,483,45045,45045
EMP0000484,484,17754,17754
EMP0000485,485,17325,17325
EMP0000486,486,26334,26334
EMP0000487,487,18414,18414
EMP0000488,488,31647,31647
EMP0000489,489,20526,20526
EMP0000490,490,25806,25806
EMP0000491,491,11946,11946
EMP0000492,492,33033,33033
EMP0000493,493,40788,40788
EMP0000494,494,36696,36696
EMP0000495,495,6732,6732
EMP0000496,496,46860,46860
EMP0001692,1692,100709,100709
EMP0000497,497,44319,44319
EMP0000499,499,19932,19932
EMP0000500,500,40128,40128
EMP0000501,501,21318,21318
EMP0000502,502,5280,5280
EMP0000503,503,7854,7854
EMP0000504,504,46101,46101
EMP0000505,505,10098,10098
EMP0000506,506,32703,32703
EMP0000507,507,15906,15906
EMP0000508,508,38808,38808
EMP0000509,509,33561,33561
EMP0000510,510,,0
EMP0000511,511,13101,13101
EMP0000512,512,30129,30129
EMP0000513,513,36795,36795
EMP0000514,514,44946,44946
EMP0000515,515,35508,35508
EMP0000516,516,23991,23991
EMP0000517,517,,0
EMP0000518,518,26730,26730
EMP0000519,519,8019,8019
EMP0000520,520,26598,26598
EMP0000521,521,26961,26961
EMP0000522,522,46530,46530
EMP0000523,523,40425,40425
EMP0000524,524,39831,39831
EMP0000525,525,47586,47586
EMP0000526,526,22869,22869
EMP0000527,527,13464,13464
EMP0001726,1726,150780,150780
EMP0000528,528,,0
EMP0000529,529,18546,18546
EMP0000530,530,27291,27291
EMP0000531,531,20064,20064
EMP0000532,532,33594,33594
EMP0000533,533,23199,23199
EMP0000534,534,19140,19140
EMP0000535,535,32010,32010
EMP0000536,536,14091,14091
EMP0000537,537,38907,38907
EMP0000538,538,9702,9702
EMP0000539,539,10362,10362
EMP0000540,540,10428,10428
EMP0000541,541,21582,21582
EMP0000542,542,14091,14091
EMP0000543,543,5544,5544
EMP0000544,544,12573,12573
EMP0000545,545,7161,7161
EMP0000546,546,16533,16533
EMP0000547,547,46068,46068
EMP0000548,548,30789,30789
EMP0000549,549,25575,25575
EMP0000550,550,32010,32010
EMP0000551,551,21450,21450
EMP0000552,552,4653,4653
EMP0000553,553,27456,27456
EMP0000554,554,26532,26532
EMP0000555,555,32175,32175
EMP0000556,556,,0
EMP0000557,557,11418,11418
EMP0000558,558,40425,40425
EMP0000559,559,14190,14190
EMP0000560,560,8844,8844
EMP0000561,561,5511,5511
EMP0000562,562,20493,20493
EMP0000563,563,17391,17391
EMP0000564,564,29139,29139
EMP0000565,565,,0
EMP0000566,566,10230,10230
EMP0000567,567,23727,23727
EMP0000568,568,10032,10032
EMP0000569,569,23925,23925
EMP0000570,570,47322,47322
EMP0000571,571,23595,23595
EMP0000572,572,18975,18975
EMP0000573,573,21681,21681
EMP0000574,574,37818,37818
EMP0000575,575,6006,6006
EMP0000576,576,12408,12408
EMP0000577,577,27357,27357
EMP0000578,578,18843,18843
EMP0000579,579,7920,7920
EMP0000580,580,3993,3993
EMP0000581,581,12672,12672
EMP0000582,582,30393,30393
EMP0000583,583,26103,26103
EMP0000584,584,36663,36663
EMP0000585,585,18810,18810
EMP0000586,586,41019,41019
EMP0000587,587,36036,36036
EMP0000588,588,43725,43725
EMP0000589,589,22803,22803
EMP0000590,590,26565,26565
EMP0000591,591,7029,7029
EMP0000592,592,3894,3894
EMP0000593,593,6666,6666
EMP0000594,594,22308,22308
EMP0000595,595,41316,41316
EMP0000596,596,9438,9438
EMP0000597,597,41514,41514
EMP0000598,598,30756,30756
EMP0000599,599,,0
EMP0000600,600,34353,34353
EMP0000601,601,28347,28347
EMP0000602,602,23760,23760
EMP0000603,603,31218,31218
EMP0000604,604,8316,8316
EMP0000605,605,30789,30789
EMP0000606,606,15543,15543
EMP0000607,607,23166,23166
EMP0000608,608,1,1
EMP0000609,609,14388,14388
EMP0000610,610,19437,19437
EMP0000611,611,8877,8877
EMP0000612,612,31350,31350
EMP0000613,613,25080,25080
EMP0000615,615,29271,29271
EMP0000616,616,14619,14619
EMP0000617,617,43494,43494
EMP0000618,618,20625,20625
EMP0000619,619,5940,5940
EMP0000620,620,19338,19338
EMP0000621,621,44319,44319
EMP0000622,622,30624,30624
EMP0000623,623,3861,3861
EMP0000624,624,33396,33396
EMP0000625,625,21813,21813
EMP0000626,626,30690,30690
EMP0000627,627,21054,21054
EMP0000628,628,29370,29370
EMP0000629,629,11286,11286
EMP0000630,630,38577,38577
EMP0000631,631,40590,40590
EMP0000632,632,32538,32538
EMP0000633,633,41943,41943
EMP0000634,634,42174,42174
EMP0000635,635,4653,4653
EMP0000636,636,20031,20031
EMP0000638,638,9900,9900
EMP0000639,639,19239,19239
EMP0000640,640,46794,46794
EMP0000641,641,41877,41877
EMP0000642,642,,0
EMP0000643,643,13035,13035
EMP0000644,644,41745,41745
EMP0000645,645,40326,40326
EMP0000646,646,,0
EMP0000647,647,28644,28644
EMP0000649,649,40623,40623
EMP0000650,650,3366,3366
EMP0000651,651,13926,13926
EMP0000652,652,8217,8217
EMP0000653,653,41316,41316
EMP0000654,654,29073,29073
EMP0000655,655,45639,45639
EMP0000656,656,35475,35475
EMP0000657,657,,0
EMP0000658,658,35838,35838
EMP0000659,659,21813,21813
EMP0000660,660,27093,27093
EMP0000661,661,25773,25773
EMP0000662,662,5841,5841
EMP0000663,663,16500,16500
EMP0000664,664,47091,47091
EMP0000665,665,,0
EMP0000666,666,47982,47982
EMP0000667,667,20361,20361
EMP0000668,668,35805,35805
EMP0000669,669,32835,32835
EMP0000670,670,37026,37026
EMP0000671,671,20394,20394
EMP0000672,672,18018,18018
EMP0000673,673,15246,15246
EMP0000674,674,39534,39534
EMP0000675,675,41976,41976
EMP0000676,676,5082,5082
EMP0000677,677,37521,37521
EMP0000678,678,17391,17391
EMP0000679,679,48477,48477
EMP0000680,680,39204,39204
EMP0000681,681,6204,6204
EMP0000682,682,43989,43989
EMP0000683,683,39072,39072
EMP0000684,684,28611,28611
EMP0000685,685,21714,21714
EMP0000686,686,635085,635085
EMP0000687,687,8679,8679
EMP0000688,688,30954,30954
EMP0000689,689,13827,13827
EMP0000690,690,4257,4257
EMP0000691,691,20328,20328
EMP0000692,692,48477,48477
EMP0000693,693,16434,16434
EMP0000695,695,35277,35277
EMP0000696,696,20625,20625
EMP0000697,697,26565,26565
EMP0000698,698,46332,46332
EMP0000699,699,40227,40227
EMP0000700,700,34749,34749
EMP0000701,701,9537,9537
EMP0000702,702,45408,45408
EMP0000703,703,7623,7623
EMP0000704,704,5016,5016
EMP0000705,705,29106,29106
EMP0000706,706,29799,29799
EMP0000707,707,48807,48807
EMP0000708,708,45507,45507
EMP0000709,709,40557,40557
EMP0000710,710,11055,11055
EMP0000711,711,23826,23826
EMP0000712,712,29898,29898
EMP0000713,713,15213,15213
EMP0000714,714,32142,32142
EMP0000715,715,37158,37158
EMP0000717,717,27720,27720
EMP0000718,718,37422,37422
EMP0000719,719,,0
EMP0000720,720,31515,31515
EMP0000721,721,4554,4554
EMP0000722,722,30987,30987
EMP0000723,723,45903,45903
EMP0000724,724,18678,18678
EMP0000725,725,39798,39798
EMP0000726,726,20526,20526
EMP0000727,727,28149,28149
EMP0000728,728,9471,9471
EMP0000729,729,,0
EMP0000730,730,19239,19239
EMP0000731,731,5049,5049
EMP0000732,732,36201,36201
EMP0000733,733,3597,3597
EMP0000734,734,35178,35178
EMP0000735,735,7161,7161
EMP0000736,736,,0
EMP0000737,737,44715,44715
EMP0000738,738,18117,18117
EMP0000739,739,15378,15378
EMP0000741,741,396990,396990
EMP0000742,742,8745,8745
EMP0000743,743,26532,26532
EMP0000744,744,23595,23595
EMP0000745,745,37653,37653
EMP0000746,746,4455,4455
EMP0000747,747,8151,8151
EMP0000748,748,34155,34155
EMP0000749,749,8745,8745
EMP0000750,750,8778,8778
EMP0000751,751,47784,47784
EMP0000752,752,4785,4785
EMP0000753,753,29205,29205
EMP0000754,754,,0
EMP0000755,755,34254,34254
EMP0000756,756,40722,40722
EMP0000757,757,36597,36597
EMP0000758,758,7128,7128
EMP0000759,759,35937,35937
EMP0000760,760,26004,26004
EMP0000761,761,4092,4092
EMP0000762,762,21780,21780
EMP0000763,763,11286,11286
EMP0000764,764,43989,43989
EMP0000765,765,37752,37752
EMP0000766,766,39138,39138
EMP0000767,767,48312,48312
EMP0000768,768,4092,4092
EMP0000769,769,9900,9900
EMP0000770,770,30393,30393
EMP0000771,771,14190,14190
EMP0000772,772,35706,35706
EMP0000773,773,40920,40920
EMP0000774,774,26268,26268
EMP0000775,775,14652,14652
EMP0000776,776,13695,13695
EMP0000777,777,25377,25377
EMP0000778,778,44022,44022
EMP0000779,779,33099,33099
EMP0000781,781,45078,45078
EMP0000782,782,6336,6336
EMP0000784,784,16797,16797
EMP0000785,785,10890,10890
EMP0000786,786,49236,49236
EMP0000787,787,42141,42141
EMP0000788,788,36003,36003
EMP0000789,789,28281,28281
EMP0000790,790,45408,45408
EMP0000791,791,,0
EMP0000792,792,39732,39732
EMP0000793,793,27291,27291
EMP0000794,794,29535,29535
EMP0000795,795,20394,20394
EMP0000796,796,10197,10197
EMP0000797,797,40227,40227
EMP0000798,798,43890,43890
EMP0000799,799,33561,33561
EMP0000800,800,15477,15477
EMP0000801,801,33297,33297
EMP0000802,802,31647,31647
EMP0000803,803,32010,32010
EMP0000804,804,,0
EMP0000805,805,41646,41646
EMP0000806,806,34650,34650
EMP0000807,807,32802,32802
EMP0000808,808,25410,25410
EMP0000809,809,36531,36531
EMP0000810,810,31350,31350
EMP0000811,811,13398,13398
EMP0000812,812,,0
EMP0000813,813,35706,35706
EMP0000814,814,6699,6699
EMP0000815,815,43164,43164
EMP0000816,816,32472,32472
EMP0000817,817,14487,14487
EMP0000818,818,7161,7161
EMP0000819,819,26169,26169
EMP0000820,820,47883,47883
EMP0000821,821,39006,39006
EMP0000822,822,5742,5742
EMP0000823,823,33099,33099
EMP0000824,824,16170,16170
EMP0000825,825,6204,6204
EMP0000826,826,23694,23694
EMP0000827,827,14289,14289
EMP0000828,828,25509,25509
EMP0000829,829,8151,8151
EMP0000830,830,19899,19899
EMP0000831,831,5511,5511
EMP0000832,832,28842,28842
EMP0000833,833,12111,12111
EMP0000835,835,46200,46200
EMP0000836,836,17424,17424
EMP0000837,837,,0
EMP0000838,838,,0
EMP0000839,839,15873,15873
EMP0000840,840,21351,21351
EMP0000841,841,32406,32406
EMP0000842,842,15741,15741
EMP0000843,843,49005,49005
EMP0000844,844,45672,45672
EMP0000845,845,28116,28116
EMP0000846,846,29766,29766
EMP0000847,847,405405,405405
EMP0000848,848,22077,22077
EMP0000850,850,45276,45276
EMP0000851,851,28446,28446
EMP0000852,852,23694,23694
EMP0000853,853,,0
EMP0000854,854,21285,21285
EMP0000855,855,48081,48081
EMP0000856,856,32241,32241
EMP0000857,857,26565,26565
EMP0000858,858,36201,36201
EMP0000859,859,40359,40359
EMP0000860,860,31086,31086
EMP0000861,861,41448,41448
EMP0000862,862,46266,46266
EMP0000863,863,3663,3663
EMP0000864,864,4851,4851
EMP0000865,865,29898,29898
EMP0000866,866,43857,43857
EMP0000867,867,39072,39072
EMP0000868,868,46893,46893
EMP0000869,869,38907,38907
EMP0000870,870,47850,47850
EMP0000871,871,44913,44913
EMP0000872,872,32472,32472
EMP0000873,873,37818,37818
EMP0000874,874,30261,30261
EMP0000875,875,28149,28149
EMP0000876,876,6600,6600
EMP0000877,877,21582,21582
EMP0000878,878,4950,4950
EMP0000879,879,5907,5907
EMP0000880,880,22968,22968
EMP0000881,881,3828,3828
EMP0000882,882,,0
EMP0000883,883,11979,11979
EMP0000884,884,3861,3861
EMP0000885,885,3531,3531
EMP0000886,886,44748,44748
EMP0000887,887,48345,48345
EMP0000888,888,15114,15114
EMP0000889,889,39996,39996
EMP0000890,890,36399,36399
EMP0000891,891,31878,31878
EMP0000892,892,36861,36861
EMP0000893,893,16632,16632
EMP0000894,894,33330,33330
EMP0000895,895,22605,22605
EMP0000896,896,43956,43956
EMP0000897,897,35046,35046
EMP0000898,898,10758,10758
EMP0000899,899,,0
EMP0000900,900,36234,36234
EMP0000901,901,15477,15477
EMP0000902,902,31977,31977
EMP0000903,903,25000,25000
EMP0000904,904,43857,43857
EMP0000905,905,1,1
EMP0000907,907,43560,43560
EMP0000908,908,36267,36267
EMP0000909,909,17688,17688
EMP0000910,910,8745,8745
EMP0000911,911,12309,12309
EMP0000912,912,19767,19767
EMP0000913,913,,0
EMP0000914,914,47817,47817
EMP0000915,915,,0
EMP0000916,916,8283,8283
EMP0000917,917,5544,5544
EMP0000918,918,,0
EMP0000919,919,7821,7821
EMP0000920,920,47157,47157
EMP0000921,921,4455,4455
EMP0000922,922,26103,26103
EMP0000923,923,39567,39567
EMP0000924,924,21384,21384
EMP0000925,925,24255,24255
EMP0000926,926,19899,19899
EMP0000927,927,17523,17523
EMP0000928,928,14157,14157
EMP0000929,929,20493,20493
EMP0000930,930,6369,6369
EMP0000931,931,31944,31944
EMP0000932,932,435105,435105
EMP0000933,933,,0
EMP0000934,934,21120,21120
EMP0000935,935,8778,8778
EMP0000936,936,19932,19932
EMP0000937,937,12012,12012
EMP0000938,938,13596,13596
EMP0000939,939,27984,27984
EMP0000940,940,35937,35937
EMP0000941,941,11880,11880
EMP0000942,942,37554,37554
EMP0000943,943,10725,10725
EMP0000944,944,32703,32703
EMP0000945,945,48708,48708
EMP0000946,946,43626,43626
EMP0000947,947,9867,9867
EMP0000948,948,,0
EMP0000949,949,20922,20922
EMP0000950,950,17292,17292
EMP0000951,951,19371,19371
EMP0000952,952,8448,8448
EMP0000953,953,34980,34980
EMP0000954,954,30855,30855
EMP0000955,955,16335,16335
EMP0000956,956,9306,9306
EMP0000957,957,,0
EMP0000958,958,15114,15114
EMP0000959,959,31119,31119
EMP0000960,960,17259,17259
EMP0000962,962,15906,15906
EMP0000963,963,25410,25410
EMP0000964,964,33297,33297
EMP0000965,965,,0
EMP0000966,966,29106,29106
EMP0000968,968,10857,10857
EMP0000969,969,20031,20031
EMP0000970,970,28215,28215
EMP0000971,971,42603,42603
EMP0000972,972,46365,46365
EMP0000973,973,37092,37092
EMP0000974,974,26961,26961
EMP0000975,975,26169,26169
EMP0000976,976,8811,8811
EMP0000978,978,32967,32967
EMP0000979,979,39666,39666
EMP0000980,980,9405,9405
EMP0000981,981,23199,23199
EMP0000982,982,21846,21846
EMP0000983,983,22869,22869
EMP0000984,984,13332,13332
EMP0000985,985,24288,24288
EMP0000986,986,10890,10890
EMP0000987,987,49434,49434
EMP0000989,989,39600,39600
EMP0000990,990,47487,47487
EMP0000991,991,36663,36663
EMP0000992,992,16467,16467
EMP0000993,993,49005,49005
EMP0000994,994,,0
EMP0000995,995,10626,10626
EMP0000996,996,30690,30690
EMP0000997,997,6765,6765
EMP0000998,998,4455,4455
EMP0000999,999,22539,22539
EMP0001000,1000,37851,37851
EMP0001001,1001,8514,8514
EMP0001002,1002,48246,48246
EMP0001003,1003,6600,6600
EMP0001004,1004,31317,31317
EMP0001005,1005,21516,21516
EMP0001006,1006,10956,10956
EMP0001007,1007,48675,48675
EMP0001008,1008,11121,11121
EMP0001009,1009,32043,32043
EMP0001010,1010,34815,34815
EMP0001011,1011,37488,37488
EMP0001012,1012,38742,38742
EMP0001013,1013,22011,22011
EMP0001014,1014,28215,28215
EMP0001015,1015,6006,6006
EMP0001016,1016,18480,18480
EMP0001017,1017,6666,6666
EMP0001018,1018,45441,45441
EMP0001019,1019,5676,5676
EMP0001020,1020,10857,10857
EMP0001021,1021,15345,15345
EMP0001023,1023,46629,46629
EMP0001024,1024,41415,41415
EMP0001025,1025,11847,11847
EMP0001026,1026,48708,48708
EMP0001027,1027,19833,19833
EMP0001028,1028,,0
EMP0001029,1029,42339,42339
EMP0001030,1030,21879,21879
EMP0001031,1031,10758,10758
EMP0001032,1032,12441,12441
EMP0001033,1033,19536,19536
EMP0001034,1034,47685,47685
EMP0001035,1035,34254,34254
EMP0001036,1036,46134,46134
EMP0001037,1037,17259,17259
EMP0001038,1038,47784,47784
EMP0001039,1039,40293,40293
EMP0001040,1040,36531,36531
EMP0001041,1041,7194,7194
EMP0001042,1042,28578,28578
EMP0001043,1043,32373,32373
EMP0001044,1044,14751,14751
EMP0001045,1045,49335,49335
EMP0001046,1046,,0
EMP0001047,1047,48411,48411
EMP0001048,1048,,0
EMP0001049,1049,43758,43758
EMP0001050,1050,44814,44814
EMP0001051,1051,24684,24684
EMP0001052,1052,12639,12639
EMP0001053,1053,32670,32670
EMP0001054,1054,13365,13365
EMP0001055,1055,49170,49170
EMP0001056,1056,27357,27357
EMP0001057,1057,49368,49368
EMP0001058,1058,3795,3795
EMP0001059,1059,26070,26070
EMP0001060,1060,21780,21780
EMP0001061,1061,12573,12573
EMP0001062,1062,27390,27390
EMP0001063,1063,39369,39369
EMP0001064,1064,41118,41118
EMP0001065,1065,10890,10890
EMP0001066,1066,40557,40557
EMP0001067,1067,36267,36267
EMP0001068,1068,18843,18843
EMP0001069,1069,9537,9537
EMP0001070,1070,,0
EMP0001071,1071,15411,15411
EMP0001072,1072,8943,8943
EMP0001073,1073,,0
EMP0001074,1074,35739,35739
EMP0001075,1075,17028,17028
EMP0001076,1076,16335,16335
EMP0001077,1077,34650,34650
EMP0001078,1078,7392,7392
EMP0001079,1079,4488,4488
EMP0001080,1080,35937,35937
EMP0001081,1081,7524,7524
EMP0001082,1082,33957,33957
EMP0001083,1083,,0
EMP0001084,1084,22308,22308
EMP0001085,1085,32043,32043
EMP0001086,1086,,0
EMP0001087,1087,10989,10989
EMP0001088,1088,47520,47520
EMP0001089,1089,39930,39930
EMP0001090,1090,22242,22242
EMP0001091,1091,14553,14553
EMP0001092,1092,18975,18975
EMP0001093,1093,31350,31350
EMP0001094,1094,9504,9504
EMP0001095,1095,44286,44286
EMP0001096,1096,19437,19437
EMP0001097,1097,29634,29634
EMP0001098,1098,11550,11550
EMP0001099,1099,37686,37686
EMP0001100,1100,17754,17754
EMP0001101,1101,46266,46266
EMP0001102,1102,27192,27192
EMP0001103,1103,38181,38181
EMP0001104,1104,16236,16236
EMP0001105,1105,19734,19734
EMP0001106,1106,40986,40986
EMP0001107,1107,24420,24420
EMP0001108,1108,29304,29304
EMP0001109,1109,32736,32736
EMP0001110,1110,42504,42504
EMP0001111,1111,3432,3432
EMP0001112,1112,20031,20031
EMP0001113,1113,29799,29799
EMP0001114,1114,,0
EMP0001115,1115,36564,36564
EMP0001116,1116,15807,15807
EMP0001117,1117,22605,22605
EMP0001118,1118,44583,44583
EMP0001119,1119,15642,15642
EMP0001120,1120,41085,41085
EMP0001121,1121,14421,14421
EMP0001122,1122,29172,29172
EMP0001123,1123,45210,45210
EMP0001124,1124,22110,22110
EMP0001125,1125,48246,48246
EMP0001126,1126,32835,32835
EMP0001127,1127,8712,8712
EMP0001128,1128,32241,32241
EMP0001129,1129,42966,42966
EMP0001130,1130,34947,34947
EMP0001131,1131,24750,24750
EMP0001132,1132,21549,21549
EMP0001133,1133,3894,3894
EMP0001134,1134,,0
EMP0001135,1135,44517,44517
EMP0001136,1136,18579,18579
EMP0001137,1137,10857,10857
EMP0001138,1138,15081,15081
EMP0001139,1139,,0
EMP0001140,1140,20922,20922
EMP0001141,1141,43329,43329
EMP0001142,1142,7953,7953
EMP0001143,1143,33495,33495
EMP0001144,1144,11088,11088
EMP0001145,1145,23595,23595
EMP0001146,1146,18447,18447
EMP0001147,1147,14058,14058
EMP0001148,1148,23826,23826
EMP0001149,1149,45771,45771
EMP0001150,1150,42966,42966
EMP0001151,1151,27027,27027
EMP0001152,1152,19140,19140
EMP0001153,1153,18018,18018
EMP0001154,1154,17952,17952
EMP0001155,1155,38808,38808
EMP0001156,1156,5610,5610
EMP0001157,1157,29172,29172
EMP0001158,1158,6864,6864
EMP0001159,1159,22143,22143
EMP0001160,1160,23463,23463
EMP0001161,1161,43857,43857
EMP0001162,1162,13101,13101
EMP0001163,1163,24321,24321
EMP0001164,1164,48510,48510
EMP0001165,1165,14784,14784
EMP0001167,1167,12045,12045
EMP0001168,1168,25179,25179
EMP0001169,1169,18711,18711
EMP0001170,1170,16038,16038
EMP0001171,1171,19503,19503
EMP0001172,1172,43857,43857
EMP0001173,1173,15477,15477
EMP0001174,1174,23463,23463
EMP0001175,1175,25476,25476
EMP0001176,1176,16236,16236
EMP0001177,1177,9933,9933
EMP0001178,1178,26829,26829
EMP0001179,1179,37653,37653
EMP0001180,1180,37290,37290
EMP0001181,1181,10263,10263
EMP0001182,1182,15345,15345
EMP0001183,1183,29502,29502
EMP0001184,1184,34320,34320
EMP0001186,1186,42603,42603
EMP0001187,1187,29040,29040
EMP0001188,1188,39237,39237
EMP0001189,1189,32703,32703
EMP0001190,1190,12936,12936
EMP0001191,1191,32241,32241
EMP0001192,1192,36696,36696
EMP0001193,1193,15312,15312
EMP0001194,1194,4884,4884
EMP0001195,1195,40425,40425
EMP0001196,1196,26697,26697
EMP0001197,1197,39798,39798
EMP0001198,1198,23991,23991
EMP0001199,1199,17490,17490
EMP0001200,1200,44583,44583
EMP0001201,1201,17424,17424
EMP0001202,1202,43560,43560
EMP0001203,1203,49335,49335
EMP0001204,1204,46035,46035
EMP0001205,1205,23364,23364
EMP0001206,1206,41547,41547
EMP0001207,1207,25938,25938
EMP0001208,1208,47553,47553
EMP0001209,1209,38181,38181
EMP0001210,1210,12210,12210
EMP0001211,1211,8811,8811
EMP0001212,1212,42174,42174
EMP0001213,1213,22374,22374
EMP0001214,1214,14091,14091
EMP0001215,1215,30393,30393
EMP0001216,1216,4818,4818
EMP0001217,1217,38907,38907
EMP0001218,1218,,0
EMP0001219,1219,30294,30294
EMP0001220,1220,35706,35706
EMP0001221,1221,17490,17490
EMP0001222,1222,40854,40854
EMP0001223,1223,7920,7920
EMP0001225,1225,12870,12870
EMP0001226,1226,33165,33165
EMP0001227,1227,19305,19305
EMP0001228,1228,24453,24453
EMP0001229,1229,18216,18216
EMP0001230,1230,12177,12177
EMP0001231,1231,16698,16698
EMP0001232,1232,23661,23661
EMP0001233,1233,45210,45210
EMP0001234,1234,26169,26169
EMP0001235,1235,17919,17919
EMP0001236,1236,42141,42141
EMP0001237,1237,48048,48048
EMP0001238,1238,,0
EMP0001239,1239,5280,5280
EMP0001240,1240,5379,5379
EMP0001241,1241,26136,26136
EMP0001242,1242,12243,12243
EMP0001243,1243,20163,20163
EMP0001244,1244,5808,5808
EMP0001245,1245,43296,43296
EMP0001246,1246,29601,29601
EMP0001247,1247,19800,19800
EMP0001248,1248,33099,33099
EMP0001249,1249,34782,34782
EMP0001250,1250,14124,14124
EMP0001251,1251,15213,15213
EMP0001252,1252,32307,32307
EMP0001254,1254,42339,42339
EMP0001255,1255,43329,43329
EMP0001256,1256,6963,6963
EMP0001257,1257,19602,19602
EMP0001258,1258,35607,35607
EMP0001259,1259,,0
EMP0001260,1260,10065,10065
EMP0001261,1261,31449,31449
EMP0001262,1262,27489,27489
EMP0001263,1263,25000,25000
EMP0001264,1264,28215,28215
EMP0001265,1265,15774,15774
EMP0001266,1266,25575,25575
EMP0001267,1267,,0
EMP0001268,1268,,0
EMP0001269,1269,21813,21813
EMP0001270,1270,8052,8052
EMP0001271,1271,16863,16863
EMP0001272,1272,11121,11121
EMP0001761,1761,98994,98994
EMP0001273,1273,38049,38049
EMP0001274,1274,42702,42702
EMP0001275,1275,6468,6468
EMP0001276,1276,31086,31086
EMP0001277,1277,19437,19437
EMP0001278,1278,24222,24222
EMP0001279,1279,45639,45639
EMP0001280,1280,14157,14157
EMP0001281,1281,40887,40887
EMP0001282,1282,9999,9999
EMP0001283,1283,28611,28611
EMP0001284,1284,38973,38973
EMP0001285,1285,41349,41349
EMP0001286,1286,28017,28017
EMP0001287,1287,20328,20328
EMP0001288,1288,-37224,-37224
EMP0001289,1289,,0
EMP0001290,1290,44088,44088
EMP0001291,1291,7722,7722
EMP0001292,1292,,0
EMP0001293,1293,25278,25278
EMP0001294,1294,11319,11319
EMP0001295,1295,14751,14751
EMP0001296,1296,26268,26268
EMP0001297,1297,36036,36036
EMP0001298,1298,30360,30360
EMP0001299,1299,8613,8613
EMP0001300,1300,39402,39402
EMP0001301,1301,26730,26730
EMP0001302,1302,11550,11550
EMP0001303,1303,6105,6105
EMP0001304,1304,33033,33033
EMP0001305,1305,24750,24750
EMP0001306,1306,14223,14223
EMP0001307,1307,37125,37125
EMP0001308,1308,40161,40161
EMP0001309,1309,23859,23859
EMP0001310,1310,18876,18876
EMP0001311,1311,40128,40128
EMP0001312,1312,47223,47223
EMP0001313,1313,11847,11847
EMP0001314,1314,11550,11550
EMP0001315,1315,19437,19437
EMP0001316,1316,14190,14190
EMP0001317,1317,46926,46926
EMP0001318,1318,42801,42801
EMP0001319,1319,18942,18942
EMP0001320,1320,43494,43494
EMP0001321,1321,11715,11715
EMP0001322,1322,6831,6831
EMP0001323,1323,23298,23298
EMP0001324,1324,9240,9240
EMP0001325,1325,,0
EMP0001326,1326,37686,37686
EMP0001327,1327,13662,13662
EMP0001328,1328,43527,43527
EMP0001329,1329,24024,24024
EMP0001330,1330,11616,11616
EMP0001331,1331,27159,27159
EMP0001332,1332,40392,40392
EMP0001333,1333,15147,15147
EMP0001334,1334,41382,41382
EMP0001335,1335,37323,37323
EMP0001336,1336,27555,27555
EMP0001337,1337,27588,27588
EMP0001338,1338,38676,38676
EMP0001339,1339,31185,31185
EMP0001340,1340,12903,12903
EMP0001341,1341,,0
EMP0001342,1342,10263,10263
EMP0001343,1343,48840,48840
EMP0001344,1344,19536,19536
EMP0001345,1345,25839,25839
EMP0001346,1346,7227,7227
EMP0001347,1347,18348,18348
EMP0001348,1348,40029,40029
EMP0001349,1349,37521,37521
EMP0001350,1350,15906,15906
EMP0001351,1351,16863,16863
EMP0001352,1352,3861,3861
EMP0001353,1353,5610,5610
EMP0001354,1354,31911,31911
EMP0001355,1355,38346,38346
EMP0001356,1356,11055,11055
EMP0001357,1357,11121,11121
EMP0001358,1358,46068,46068
EMP0001359,1359,35607,35607
EMP0001360,1360,24255,24255
EMP0001361,1361,15543,15543
EMP0001362,1362,36168,36168
EMP0001363,1363,42801,42801
EMP0001364,1364,7161,7161
EMP0001365,1365,25839,25839
EMP0001366,1366,24618,24618
EMP0001367,1367,41283,41283
EMP0001368,1368,44682,44682
EMP0001369,1369,24255,24255
EMP0001370,1370,48675,48675
EMP0001371,1371,38577,38577
EMP0001372,1372,47619,47619
EMP0001373,1373,28611,28611
EMP0001374,1374,46002,46002
EMP0001375,1375,19965,19965
EMP0001376,1376,7854,7854
EMP0001377,1377,39798,39798
EMP0001378,1378,35112,35112
EMP0001379,1379,13827,13827
EMP0001380,1380,44121,44121
EMP0001381,1381,22506,22506
EMP0001382,1382,36399,36399
EMP0001383,1383,32208,32208
EMP0001384,1384,44583,44583
EMP0001385,1385,30921,30921
EMP0001386,1386,40887,40887
EMP0001387,1387,5181,5181
EMP0001388,1388,4488,4488
EMP0001389,1389,37818,37818
EMP0001390,1390,37125,37125
EMP0001391,1391,46332,46332
EMP0001392,1392,46332,46332
EMP0001393,1393,40392,40392
EMP0001394,1394,31482,31482
EMP0001395,1395,45309,45309
EMP0001396,1396,24882,24882
EMP0001397,1397,38544,38544
EMP0001398,1398,5115,5115
EMP0001399,1399,-42999,-42999
EMP0001400,1400,18942,18942
EMP0001401,1401,,0
EMP0001402,1402,,0
EMP0001403,1403,42108,42108
EMP0001404,1404,3927,3927
EMP0001405,1405,11055,11055
EMP0001406,1406,,0
EMP0001407,1407,5181,5181
EMP0001408,1408,25443,25443
EMP0001409,1409,,0
EMP0001410,1410,22836,22836
EMP0001411,1411,14652,14652
EMP0001412,1412,10197,10197
EMP0001413,1413,30063,30063
EMP0001414,1414,32241,32241
EMP0001415,1415,38940,38940
EMP0001416,1416,43329,43329
EMP0001418,1418,38082,38082
EMP0001419,1419,16764,16764
EMP0001420,1420,18381,18381
EMP0001421,1421,21186,21186
EMP0001422,1422,38346,38346
EMP0001423,1423,,0
EMP0001424,1424,19173,19173
EMP0001425,1425,46035,46035
EMP0001426,1426,16533,16533
EMP0001427,1427,8811,8811
EMP0001429,1429,7722,7722
EMP0001430,1430,3828,3828
EMP0001431,1431,6633,6633
EMP0001433,1433,5313,5313
EMP0001434,1434,45606,45606
EMP0001435,1435,19305,19305
EMP0001436,1436,34221,34221
EMP0001437,1437,16533,16533
EMP0001438,1438,3465,3465
EMP0001439,1439,21054,21054
EMP0001440,1440,,0
EMP0001441,1441,22704,22704
EMP0001442,1442,22011,22011
EMP0001443,1443,36036,36036
EMP0001444,1444,9900,9900
EMP0001445,1445,10230,10230
EMP0001446,1446,19206,19206
EMP0001447,1447,23232,23232
EMP0001448,1448,9933,9933
EMP0001449,1449,30690,30690
EMP0001450,1450,17457,17457
EMP0001451,1451,,0
EMP0001452,1452,11385,11385
EMP0001453,1453,28974,28974
EMP0001454,1454,36960,36960
EMP0001455,1455,,0
EMP0001456,1456,43626,43626
EMP0001457,1457,39567,39567
EMP0001458,1458,39402,39402
EMP0001762,1762,111067,111067
EMP0001459,1459,9471,9471
EMP0001460,1460,45474,45474
EMP0001461,1461,1,1
EMP0001462,1462,13530,13530
EMP0001463,1463,23826,23826
EMP0001464,1464,10725,10725
EMP0001465,1465,38511,38511
EMP0001466,1466,29172,29172
EMP0001467,1467,20229,20229
EMP0001468,1468,5115,5115
EMP0001469,1469,,0
EMP0001470,1470,310860,310860
EMP0001471,1471,53168,53168
EMP0001472,1472,53853,53853
EMP0001473,1473,47782,47782
EMP0001474,1474,193877,193877
EMP0001475,1475,219477,219477
EMP0001476,1476,50321,50321
EMP0001477,1477,94873,94873
EMP0001478,1478,146175,146175
EMP0001479,1479,,0
EMP0001480,1480,1,1
EMP0001481,1481,103815,103815
EMP0001482,1482,56685,56685
EMP0001483,1483,337527,337527
EMP0001485,1485,43959,43959
EMP0001486,1486,96162,96162
EMP0001487,1487,150701,150701
EMP0001488,1488,69082,69082
EMP0001489,1489,173797,173797
EMP0001490,1490,109767,109767
EMP0001491,1491,53499,53499
EMP0001493,1493,252703,252703
EMP0001494,1494,282645,282645
EMP0001495,1495,91466,91466
EMP0001496,1496,109640,109640
EMP0001497,1497,55072,55072
EMP0001498,1498,156273,156273
EMP0001499,1499,105142,105142
EMP0001500,1500,48357,48357
EMP0001501,1501,94459,94459
EMP0001502,1502,52584,52584
EMP0001503,1503,104387,104387
EMP0001504,1504,130386,130386
EMP0001505,1505,59742,59742
EMP0001506,1506,50234,50234
EMP0001507,1507,54018,54018
EMP0001508,1508,55832,55832
EMP0001509,1509,,0
EMP0001510,1510,62126,62126
EMP0001511,1511,57770,57770
EMP0001512,1512,61160,61160
EMP0001513,1513,118852,118852
EMP0001514,1514,25000,25000
EMP0001515,1515,264517,264517
EMP0001516,1516,91250,91250
EMP0001517,1517,51022,51022
EMP0001518,1518,58219,58219
EMP0001519,1519,70257,70257
EMP0001520,1520,130620,130620
EMP0001521,1521,49370,49370
EMP0001522,1522,44804,44804
EMP0001523,1523,106058,106058
EMP0001524,1524,51337,51337
EMP0001526,1526,49489,49489
EMP0001527,1527,115311,115311
EMP0001528,1528,59144,59144
EMP0001529,1529,58197,58197
EMP0001531,1531,59159,59159
EMP0001532,1532,158996,158996
EMP0001533,1533,93476,93476
EMP0001534,1534,,0
EMP0001535,1535,101404,101404
EMP0001536,1536,86819,86819
EMP0001537,1537,101283,101283
EMP0001538,1538,,0
EMP0001540,1540,193604,193604
EMP0001541,1541,99176,99176
EMP0001542,1542,60497,60497
EMP0001543,1543,55213,55213
EMP0001544,1544,90453,90453
EMP0001545,1545,167725,167725
EMP0001546,1546,57976,57976
EMP0001547,1547,61279,61279
EMP0001548,1548,96708,96708
EMP0001549,1549,57853,57853
EMP0001550,1550,91953,91953
EMP0001551,1551,109070,109070
EMP0001552,1552,76083,76083
EMP0001553,1553,158181,158181
EMP0001554,1554,45496,45496
EMP0001555,1555,54498,54498
EMP0001556,1556,95936,95936
EMP0001557,1557,124522,124522
EMP0001558,1558,153954,153954
EMP0001559,1559,166145,166145
EMP0001560,1560,61902,61902
EMP0001561,1561,69353,69353
EMP0001562,1562,95097,95097
EMP0001563,1563,122655,122655
EMP0001564,1564,43402,43402
EMP0001565,1565,90206,90206
EMP0001566,1566,109255,109255
EMP0001567,1567,50578,50578
EMP0001568,1568,231826,231826
EMP0001569,1569,71079,71079
EMP0001570,1570,43583,43583
EMP0001571,1571,73190,73190
EMP0001572,1572,97821,97821
EMP0001573,1573,172394,172394
EMP0001574,1574,91492,91492
EMP0001575,1575,174830,174830
EMP0001576,1576,96097,96097
EMP0001577,1577,68282,68282
EMP0001578,1578,44250,44250
EMP0001579,1579,91329,91329
EMP0001580,1580,92077,92077
EMP0001581,1581,56082,56082
EMP0001582,1582,49102,49102
EMP0001583,1583,152682,152682
EMP0001584,1584,,0
EMP0001585,1585,50754,50754
EMP0001586,1586,25000,25000
EMP0001587,1587,105669,105669
EMP0001588,1588,61619,61619
EMP0001589,1589,55518,55518
EMP0001591,1591,124857,124857
EMP0001592,1592,96463,96463
EMP0001593,1593,,0
EMP0001594,1594,187726,187726
EMP0001595,1595,56257,56257
EMP0001596,1596,58649,58649
EMP0001597,1597,111117,111117
EMP0001599,1599,131742,131742
EMP0001600,1600,64857,64857
EMP0001601,1601,63087,63087
EMP0001602,1602,114494,114494
EMP0001603,1603,237091,237091
EMP0001604,1604,63504,63504
EMP0001605,1605,128421,128421
EMP0001606,1606,126190,126190
EMP0001607,1607,74714,74714
EMP0001608,1608,59511,59511
EMP0001609,1609,97567,97567
EMP0001610,1610,240149,240149
EMP0001611,1611,185546,185546
EMP0001612,1612,62475,62475
EMP0001614,1614,61597,61597
EMP0001615,1615,196276,196276
EMP0001616,1616,,0
EMP0001617,1617,166065,166065
EMP0001618,1618,89047,89047
EMP0001619,1619,141215,141215
EMP0001620,1620,94799,94799
EMP0001621,1621,182677,182677
EMP0001622,1622,58933,58933
EMP0001623,1623,43685,43685
EMP0001624,1624,58576,58576
EMP0001625,1625,78906,78906
EMP0001626,1626,90863,90863
EMP0001627,1627,55559,55559
EMP0001628,1628,54741,54741
EMP0001629,1629,,0
EMP0001630,1630,60483,60483
EMP0001631,1631,177802,177802
EMP0001632,1632,146231,146231
EMP0001633,1633,52956,52956
EMP0001634,1634,100973,100973
EMP0001635,1635,82804,82804
EMP0001636,1636,53763,53763
EMP0001637,1637,84001,84001
EMP0001638,1638,1628835,1628835
EMP0001639,1639,114706,114706
EMP0001640,1640,58281,58281
EMP0001641,1641,139213,139213
EMP0001642,1642,99590,99590
EMP0001643,1643,103280,103280
EMP0001644,1644,41555,41555
EMP0001646,1646,57916,57916
EMP0001647,1647,46744,46744
EMP0001648,1648,139835,139835
EMP0001650,1650,107045,107045
EMP0001651,1651,60101,60101
EMP0001652,1652,174990,174990
EMP0001653,1653,48621,48621
EMP0001654,1654,61811,61811
EMP0001655,1655,,0
EMP0001656,1656,114029,114029
EMP0001657,1657,151819,151819
EMP0001658,1658,123427,123427
EMP0001659,1659,90902,90902
EMP0001660,1660,105916,105916
EMP0001661,1661,50042,50042
EMP0001662,1662,56344,56344
EMP0001663,1663,92869,92869
EMP0001664,1664,99761,99761
EMP0001665,1665,154196,154196
EMP0001666,1666,51306,51306
EMP0001667,1667,98755,98755
EMP0001668,1668,82834,82834
EMP0001669,1669,,0
EMP0001670,1670,106327,106327
EMP0001671,1671,47681,47681
EMP0001672,1672,,0
EMP0001673,1673,63962,63962
EMP0001674,1674,142245,142245
EMP0001675,1675,85930,85930
EMP0001676,1676,164813,164813
EMP0001677,1677,58586,58586
EMP0001678,1678,166316,166316
EMP0001679,1679,75792,75792
EMP0001680,1680,97462,97462
EMP0001681,1681,175930,175930
EMP0001682,1682,,0
EMP0001683,1683,271463,271463
EMP0001684,1684,25000,25000
EMP0001685,1685,179645,179645
EMP0001686,1686,163161,163161
EMP0001687,1687,163254,163254
EMP0001688,1688,57113,57113
EMP0001689,1689,50782,50782
EMP0001690,1690,69974,69974
EMP0001691,1691,92910,92910
EMP0001693,1693,65254,65254
EMP0001694,1694,87084,87084
EMP0001695,1695,84261,84261
EMP0001696,1696,180541,180541
EMP0001697,1697,54775,54775
EMP0001698,1698,59925,59925
EMP0001699,1699,225897,225897
EMP0001700,1700,95940,95940
EMP0001701,1701,92496,92496
EMP0001702,1702,164721,164721
EMP0001703,1703,58091,58091
EMP0001704,1704,64013,64013
EMP0001705,1705,68733,68733
EMP0001706,1706,87613,87613
EMP0001707,1707,108609,108609
EMP0001708,1708,48500,48500
EMP0001709,1709,56092,56092
EMP0001710,1710,90948,90948
EMP0001711,1711,68478,68478
EMP0001712,1712,178770,178770
EMP0001713,1713,260102,260102
EMP0001714,1714,55514,55514
EMP0001715,1715,167959,167959
EMP0001716,1716,85189,85189
EMP0001717,1717,,0
EMP0001718,1718,672750,672750
EMP0001719,1719,82791,82791
EMP0001720,1720,55235,55235
EMP0001721,1721,59958,59958
EMP0001722,1722,,0
EMP0001723,1723,1,1
EMP0001724,1724,56422,56422
EMP0001725,1725,92681,92681
EMP0001727,1727,85311,85311
EMP0001728,1728,46435,46435
EMP0001729,1729,86509,86509
EMP0001730,1730,56294,56294
EMP0001731,1731,45347,45347
EMP0001733,1733,46389,46389
EMP0001734,1734,46461,46461
EMP0001735,1735,157294,157294
EMP0001736,1736,70732,70732
EMP0001737,1737,89488,89488
EMP0001738,1738,60362,60362
EMP0001739,1739,61132,61132
EMP0001740,1740,65352,65352
EMP0001741,1741,109898,109898
EMP0001742,1742,157759,157759
EMP0001743,1743,55288,55288
EMP0001744,1744,99885,99885
EMP0001745,1745,64881,64881
EMP0001746,1746,166688,166688
EMP0001747,1747,46470,46470
EMP0001748,1748,52064,52064
EMP0001749,1749,61242,61242
EMP0001750,1750,55536,55536
EMP0001751,1751,92952,92952
EMP0001752,1752,117758,117758
EMP0001753,1753,83678,83678
EMP0001754,1754,141042,141042
EMP0001755,1755,94992,94992
EMP0001756,1756,91616,91616
EMP0001757,1757,95577,95577
EMP0001758,1758,119210,119210
EMP0001759,1759,92898,92898
EMP0001760,1760,154574,154574
EMP0001763,1763,95187,95187
EMP0001764,1764,54803,54803
EMP0001765,1765,56805,56805
EMP0001766,1766,94772,94772
EMP0001767,1767,102715,102715
EMP0001768,1768,141706,141706
EMP0001769,1769,124858,124858
EMP0001770,1770,137920,137920
EMP0001771,1771,145671,145671
EMP0001772,1772,111860,111860
EMP0001773,1773,170281,170281
EMP0001774,1774,91532,91532
EMP0001776,1776,106462,106462
EMP0001777,1777,143160,143160
EMP0001778,1778,,0
EMP0001779,1779,46053,46053
EMP0001780,1780,229477,229477
EMP0001781,1781,179306,179306
EMP0001782,1782,103141,103141
EMP0001783,1783,105431,105431
EMP0001784,1784,128288,128288
EMP0001785,1785,46139,46139
EMP0001786,1786,108896,108896
EMP0001787,1787,102296,102296
EMP0001788,1788,190030,190030
EMP0001789,1789,104451,104451
EMP0001790,1790,97942,97942
EMP0001791,1791,90681,90681
EMP0001792,1792,150516,150516
EMP0001793,1793,59372,59372
EMP0001794,1794,68361,68361
EMP0001795,1795,143727,143727
EMP0001796,1796,88726,88726
EMP0001797,1797,252798,252798
EMP0001798,1798,,0
EMP0001799,1799,42785,42785
EMP0001800,1800,64068,64068
EMP0001801,1801,53539,53539
EMP0001802,1802,68266,68266
EMP0001803,1803,63287,63287
EMP0001804,1804,63542,63542
EMP0001805,1805,101345,101345
EMP0001807,1807,50945,50945
EMP0001808,1808,58788,58788
EMP0001809,1809,80380,80380
EMP0001810,1810,58978,58978
EMP0001812,1812,255033,255033
EMP0001813,1813,,0
EMP0001814,1814,,0
EMP0001815,1815,144234,144234
EMP0001816,1816,84412,84412
EMP0001817,1817,53465,53465
EMP0001818,1818,175898,175898
EMP0001819,1819,72101,72101
EMP0001820,1820,107147,107147
EMP0001822,1822,57079,57079
EMP0001823,1823,133601,133601
EMP0001824,1824,62959,62959
EMP0001825,1825,99414,99414
EMP0001826,1826,88838,88838
EMP0001827,1827,100960,100960
EMP0001828,1828,142408,142408
EMP0001862,1862,150423,150423
EMP0001829,1829,43255,43255
EMP0001830,1830,87433,87433
EMP0001831,1831,81877,81877
EMP0001832,1832,95539,95539
EMP0001833,1833,116868,116868
EMP0001835,1835,43743,43743
EMP0001836,1836,61617,61617
EMP0001837,1837,91531,91531
EMP0001838,1838,51796,51796
EMP0001839,1839,72597,72597
EMP0001840,1840,100741,100741
EMP0001841,1841,86208,86208
EMP0001842,1842,94286,94286
EMP0001843,1843,59136,59136
EMP0001844,1844,129277,129277
EMP0001845,1845,56629,56629
EMP0001846,1846,68640,68640
EMP0001847,1847,88321,88321
EMP0001848,1848,65161,65161
EMP0001849,1849,,0
EMP0001850,1850,108491,108491
EMP0001851,1851,70159,70159
EMP0001852,1852,101379,101379
EMP0001853,1853,,0
EMP0001854,1854,98780,98780
EMP0001855,1855,58980,58980
EMP0001856,1856,217745,217745
EMP0001857,1857,147634,147634
EMP0001858,1858,90063,90063
EMP0001859,1859,93893,93893
EMP0001860,1860,96247,96247
EMP0001861,1861,178211,178211
EMP0001863,1863,89793,89793
EMP0001864,1864,53779,53779
EMP0001865,1865,54098,54098
EMP0001866,1866,77328,77328
EMP0001867,1867,98448,98448
EMP0001868,1868,,0
EMP0001869,1869,42979,42979
EMP0001870,1870,87776,87776
EMP0001871,1871,102568,102568
EMP0001872,1872,55848,55848
EMP0001873,1873,61386,61386
EMP0001874,1874,103844,103844
EMP0001875,1875,116262,116262
EMP0001876,1876,266603,266603
EMP0001877,1877,54884,54884
EMP0001879,1879,41660,41660
EMP0001880,1880,110293,110293
EMP0001881,1881,70096,70096
EMP0001882,1882,50472,50472
EMP0001883,1883,128767,128767
EMP0001884,1884,156361,156361
EMP0001885,1885,47144,47144
EMP0001886,1886,64583,64583
EMP0001887,1887,160239,160239
EMP0001888,1888,1,1
EMP0001889,1889,83678,83678
EMP0001890,1890,42599,42599
EMP0001891,1891,62034,62034
EMP0001892,1892,82592,82592
EMP0001893,1893,58912,58912
EMP0001894,1894,84572,84572
EMP0001895,1895,91658,91658
EMP0001896,1896,116613,116613
EMP0001897,1897,106649,106649
EMP0001898,1898,85245,85245
EMP0001899,1899,54899,54899
EMP0001900,1900,97854,97854
EMP0001901,1901,104651,104651
EMP0001902,1902,174830,174830
EMP0001903,1903,181704,181704
EMP0001905,1905,99876,99876
EMP0001906,1906,100050,100050
EMP0001907,1907,166014,166014
EMP0001908,1908,159838,159838
EMP0001910,1910,100200,100200
EMP0001911,1911,55567,55567
EMP0001912,1912,90583,90583
EMP0001913,1913,142675,142675
EMP0001914,1914,100538,100538
EMP0001915,1915,54319,54319
EMP0001916,1916,61358,61358
EMP0001917,1917,49634,49634
EMP0001918,1918,161311,161311
EMP0001919,1919,238465,238465
EMP0001920,1920,103039,103039
EMP0001921,1921,63305,63305
EMP0001922,1922,89576,89576
EMP0001923,1923,65542,65542
EMP0001924,1924,60277,60277
EMP0001925,1925,,0
EMP0001926,1926,102001,102001
EMP0001927,1927,147208,147208
EMP0001928,1928,100587,100587
EMP0001929,1929,86078,86078
EMP0001930,1930,94304,94304
EMP0001931,1931,,0
EMP0001932,1932,101893,101893
EMP0001933,1933,50169,50169
EMP0001934,1934,799965,799965
EMP0001935,1935,127296,127296
EMP0001936,1936,109917,109917
EMP0001937,1937,160899,160899
EMP0001938,1938,59160,59160
EMP0001939,1939,88261,88261
EMP0001940,1940,93102,93102
EMP0001941,1941,60645,60645
EMP0001942,1942,104512,104512
EMP0001943,1943,99056,99056
EMP0001944,1944,69712,69712
EMP0001945,1945,98709,98709
EMP0001946,1946,65441,65441
EMP0001947,1947,102613,102613
EMP0001948,1948,77135,77135
EMP0001949,1949,84440,84440
EMP0001950,1950,102377,102377
EMP0001951,1951,130721,130721
EMP0001952,1952,114811,114811
EMP0001953,1953,106552,106552
EMP0001954,1954,85727,85727
EMP0001955,1955,104599,104599
EMP0001956,1956,236709,236709
EMP0001957,1957,97359,97359
EMP0001958,1958,104692,104692
EMP0001959,1959,56967,56967
EMP0001960,1960,,0
EMP0001961,1961,,0
EMP0001962,1962,122155,122155
EMP0001963,1963,101682,101682
EMP0001997,1997,55514,55514
EMP0001964,1964,53088,53088
EMP0001965,1965,104969,104969
EMP0001966,1966,173662,173662
EMP0001967,1967,45047,45047
EMP0001968,1968,88783,88783
EMP0001969,1969,76300,76300
EMP0001970,1970,154851,154851
EMP0001971,1971,81857,81857
EMP0001972,1972,77159,77159
EMP0001973,1973,61844,61844
EMP0001974,1974,55211,55211
EMP0001975,1975,,0
EMP0001976,1976,92891,92891
EMP0001977,1977,128405,128405
EMP0001978,1978,112170,112170
EMP0001979,1979,60107,60107
EMP0001980,1980,,0
EMP0001981,1981,89208,89208
EMP0001982,1982,44248,44248
EMP0001983,1983,136825,136825
EMP0001984,1984,143915,143915
EMP0001985,1985,52090,52090
EMP0001986,1986,140045,140045
EMP0001987,1987,,0
EMP0001988,1988,86905,86905
EMP0001989,1989,50015,50015
EMP0001990,1990,69149,69149
EMP0001991,1991,112897,112897
EMP0001992,1992,48450,48450
EMP0001993,1993,106181,106181
EMP0001994,1994,148324,148324
EMP0001995,1995,92507,92507
EMP0001996,1996,92197,92197
EMP0001998,1998,202462,202462
EMP0001999,1999,61531,61531
EMP0002000,2000,53599,53599
EMP0002001,2001,93777,93777
EMP0002002,2002,89885,89885
EMP0002003,2003,127154,127154
EMP0002004,2004,129079,129079
EMP0002005,2005,170194,170194
EMP0002006,2006,,0
EMP0002007,2007,179122,179122
EMP0002008,2008,100623,100623
EMP0002009,2009,232262,232262
EMP0002010,2010,96577,96577
EMP0002011,2011,49295,49295
EMP0002012,2012,102067,102067
EMP0002013,2013,70598,70598
EMP0002014,2014,234689,234689
EMP0002015,2015,61202,61202
EMP0002016,2016,182142,182142
EMP0002018,2018,93383,93383
EMP0002019,2019,106704,106704
EMP0002020,2020,72828,72828
EMP0002021,2021,102242,102242
EMP0002023,2023,59563,59563
EMP0002024,2024,162104,162104
EMP0002025,2025,51868,51868
EMP0002026,2026,50493,50493
EMP0002027,2027,81334,81334
EMP0002028,2028,83636,83636
EMP0002029,2029,53194,53194
EMP0002030,2030,42489,42489
EMP0002031,2031,114119,114119
EMP0002032,2032,104505,104505
EMP0002033,2033,51527,51527
EMP0002034,2034,45571,45571
EMP0002035,2035,101398,101398
EMP0002036,2036,88352,88352
EMP0002037,2037,82192,82192
EMP0002038,2038,138207,138207
EMP0002039,2039,55180,55180
EMP0002040,2040,93464,93464
EMP0002041,2041,109439,109439
EMP0002042,2042,139940,139940
EMP0002043,2043,62441,62441
EMP0002044,2044,147108,147108
EMP0002045,2045,53334,53334
EMP0002046,2046,83677,83677
EMP0002047,2047,110696,110696
EMP0002048,2048,106811,106811
EMP0002049,2049,145998,145998
EMP0002050,2050,94152,94152
EMP0002051,2051,42330,42330
EMP0002052,2052,60187,60187
EMP0002053,2053,97786,97786
EMP0002054,2054,99836,99836
EMP0002055,2055,43340,43340
EMP0002056,2056,66785,66785
EMP0002057,2057,,0
EMP0002058,2058,45370,45370
EMP0002059,2059,150669,150669
EMP0002060,2060,93255,93255
EMP0002061,2061,47481,47481
EMP0002062,2062,155421,155421
EMP0002063,2063,99916,99916
EMP0002064,2064,106542,106542
EMP0002065,2065,100854,100854
EMP0002066,2066,211620,211620
EMP0002067,2067,104663,104663
EMP0002068,2068,56988,56988
EMP0002069,2069,103251,103251
EMP0002070,2070,53155,53155
EMP0002071,2071,46369,46369
EMP0002072,2072,68889,68889
EMP0002073,2073,,0
EMP0002074,2074,98362,98362
EMP0002075,2075,2536740,2536740
EMP0002076,2076,131523,131523
EMP0002077,2077,102069,102069
EMP0002078,2078,99126,99126
EMP0002079,2079,99915,99915
EMP0002080,2080,87587,87587
EMP0002081,2081,181430,181430
EMP0002082,2082,91091,91091
EMP0002083,2083,47063,47063
EMP0002084,2084,40639,40639
EMP0002085,2085,161911,161911
EMP0002086,2086,97105,97105
EMP0002087,2087,58802,58802
EMP0002088,2088,45590,45590
EMP0002089,2089,83503,83503
EMP0002090,2090,62053,62053
EMP0002091,2091,48800,48800
EMP0002093,2093,89932,89932
EMP0002094,2094,45672,45672
EMP0002095,2095,,0
EMP0002096,2096,96038,96038
EMP0002097,2097,155540,155540
EMP0002098,2098,57791,57791
EMP0002099,2099,67452,67452
EMP0002100,2100,,0
EMP0002101,2101,55141,55141
EMP0002102,2102,94450,94450
EMP0002103,2103,100511,100511
EMP0002104,2104,231330,231330
EMP0002105,2105,62758,62758
EMP0002106,2106,105895,105895
EMP0002107,2107,69177,69177
EMP0002108,2108,63674,63674
EMP0002109,2109,1463655,1463655
EMP0002110,2110,43489,43489
EMP0002111,2111,,0
EMP0002112,2112,59582,59582
EMP0002113,2113,149855,149855
EMP0002114,2114,164928,164928
EMP0002115,2115,233372,233372
EMP0002116,2116,64761,64761
EMP0002117,2117,57670,57670
EMP0002118,2118,80967,80967
EMP0002119,2119,56672,56672
EMP0002120,2120,63033,63033
EMP0002121,2121,79779,79779
EMP0002122,2122,102492,102492
EMP0002123,2123,84587,84587
EMP0002124,2124,106038,106038
EMP0002125,2125,57434,57434
EMP0002126,2126,88785,88785
EMP0002127,2127,178889,178889
EMP0002128,2128,97859,97859
EMP0002129,2129,123780,123780
EMP0002130,2130,58944,58944
EMP0002131,2131,67733,67733
EMP0002132,2132,175219,175219
EMP0002133,2133,68284,68284
EMP0002134,2134,47689,47689
EMP0002135,2135,258552,258552
EMP0002137,2137,74562,74562
EMP0002138,2138,45801,45801
EMP0002139,2139,51073,51073
EMP0002140,2140,100662,100662
EMP0002141,2141,162132,162132
EMP0002142,2142,61164,61164
EMP0002143,2143,128727,128727
EMP0002144,2144,61759,61759
EMP0002145,2145,58374,58374
EMP0002146,2146,55739,55739
EMP0002147,2147,108309,108309
EMP0002148,2148,93357,93357
EMP0002149,2149,49658,49658
EMP0002150,2150,149411,149411
EMP0002151,2151,152429,152429
EMP0002152,2152,89130,89130
EMP0002153,2153,158510,158510
EMP0002154,2154,97643,97643
EMP0002155,2155,77051,77051
EMP0002156,2156,93530,93530
EMP0002157,2157,60418,60418
EMP0002158,2158,87951,87951
EMP0002159,2159,146033,146033
EMP0002160,2160,92604,92604
EMP0002161,2161,115591,115591
EMP0002162,2162,97639,97639
EMP0002163,2163,94659,94659
EMP0002164,2164,62955,62955
EMP0002165,2165,-94230,-94230
EMP0002166,2166,106115,106115
EMP0002167,2167,93182,93182
EMP0002168,2168,55102,55102
EMP0002169,2169,85499,85499
EMP0002170,2170,65875,65875
EMP0002171,2171,107565,107565
EMP0002172,2172,98632,98632
EMP0002173,2173,,0
EMP0002174,2174,51198,51198
EMP0002175,2175,86906,86906
EMP0002176,2176,133415,133415
EMP0002177,2177,61116,61116
EMP0002178,2178,99350,99350
EMP0002179,2179,51735,51735
EMP0002180,2180,,0
EMP0002181,2181,96554,96554
EMP0002182,2182,46121,46121
EMP0002183,2183,57586,57586
EMP0002184,2184,59456,59456
EMP0002185,2185,112692,112692
EMP0002186,2186,111173,111173
EMP0002187,2187,99447,99447
EMP0002188,2188,92712,92712
EMP0002189,2189,57158,57158
EMP0002190,2190,59661,59661
EMP0002191,2191,52946,52946
EMP0002192,2192,55600,55600
EMP0002194,2194,,0
EMP0002198,2198,47513,47513
EMP0002199,2199,98902,98902
EMP0002200,2200,112433,112433
EMP0002201,2201,53529,53529
EMP0002202,2202,259898,259898
EMP0002203,2203,111420,111420
EMP0002204,2204,88984,88984
EMP0002205,2205,78856,78856
EMP0002206,2206,147418,147418
EMP0002207,2207,79466,79466
EMP0002208,2208,91677,91677
EMP0002209,2209,66452,66452
EMP0002210,2210,50363,50363
EMP0002211,2211,106999,106999
EMP0002212,2212,59030,59030
EMP0002213,2213,178052,178052
EMP0002214,2214,50812,50812
EMP0002215,2215,54589,54589
EMP0002216,2216,144021,144021
EMP0002217,2217,60868,60868
EMP0002218,2218,110734,110734
EMP0002219,2219,146097,146097
EMP0002220,2220,48532,48532
EMP0002221,2221,93949,93949
EMP0002222,2222,,0
EMP0002223,2223,79621,79621
EMP0002224,2224,60542,60542
EMP0002225,2225,57392,57392
EMP0002226,2226,82151,82151
EMP0002227,2227,169156,169156
EMP0002228,2228,107530,107530
EMP0002229,2229,60185,60185
EMP0002230,2230,53749,53749
EMP0002231,2231,77870,77870
EMP0002232,2232,255125,255125
EMP0002233,2233,,0
EMP0002234,2234,84381,84381
EMP0002236,2236,65521,65521
EMP0002237,2237,,0
EMP0002238,2238,80956,80956
EMP0002239,2239,109016,109016
EMP0002240,2240,48727,48727
EMP0002241,2241,98965,98965
EMP0002242,2242,96301,96301
EMP0002243,2243,142848,142848
EMP0002245,2245,102967,102967
EMP0002246,2246,108144,108144
EMP0002247,2247,99844,99844
EMP0002248,2248,70039,70039
EMP0002249,2249,84817,84817
EMP0002250,2250,105494,105494
EMP0002251,2251,104604,104604
EMP0002252,2252,,0
EMP0002253,2253,124537,124537
EMP0002254,2254,106516,106516
EMP0002255,2255,132709,132709
EMP0002256,2256,163241,163241
EMP0002258,2258,170816,170816
EMP0002259,2259,93341,93341
EMP0002260,2260,49571,49571
EMP0002261,2261,54843,54843
EMP0002262,2262,220466,220466
EMP0002263,2263,41762,41762
EMP0002264,2264,112451,112451
EMP0002265,2265,90534,90534
EMP0002266,2266,43085,43085
EMP0002267,2267,94388,94388
EMP0002268,2268,66063,66063
EMP0002269,2269,52330,52330
EMP0002270,2270,63510,63510
EMP0002271,2271,95559,95559
EMP0002272,2272,53186,53186
EMP0002273,2273,147682,147682
EMP0002274,2274,100556,100556
EMP0002275,2275,85285,85285
EMP0002276,2276,163978,163978
EMP0002277,2277,68922,68922
EMP0002278,2278,63097,63097
EMP0002279,2279,89030,89030
EMP0002280,2280,97553,97553
EMP0002281,2281,47775,47775
EMP0002282,2282,165984,165984
EMP0002283,2283,62950,62950
EMP0002284,2284,126022,126022
EMP0002285,2285,57356,57356
EMP0002286,2286,106845,106845
EMP0002287,2287,153297,153297
EMP0002288,2288,,0
EMP0002289,2289,109393,109393
EMP0002290,2290,58304,58304
EMP0002291,2291,72991,72991
EMP0002292,2292,97603,97603
EMP0002293,2293,53960,53960
EMP0002294,2294,58130,58130
EMP0002295,2295,50427,50427
EMP0002296,2296,103774,103774
EMP0002330,2330,102031,102031
EMP0002297,2297,136794,136794
EMP0002298,2298,263634,263634
EMP0002299,2299,57146,57146
EMP0002300,2300,41566,41566
EMP0002301,2301,187679,187679
EMP0002302,2302,77072,77072
EMP0002303,2303,147584,147584
EMP0002304,2304,46894,46894
EMP0002305,2305,113745,113745
EMP0002306,2306,-1,-1
EMP0002307,2307,49403,49403
EMP0002308,2308,45581,45581
EMP0002309,2309,132739,132739
EMP0002310,2310,59675,59675
EMP0002312,2312,86812,86812
EMP0002313,2313,172597,172597
EMP0002314,2314,42098,42098
EMP0002315,2315,114554,114554
EMP0002316,2316,70538,70538
EMP0002317,2317,165248,165248
EMP0002319,2319,52620,52620
EMP0002320,2320,87047,87047
EMP0002321,2321,162374,162374
EMP0002322,2322,45653,45653
EMP0002323,2323,148100,148100
EMP0002324,2324,101906,101906
EMP0002325,2325,115229,115229
EMP0002326,2326,,0
EMP0002327,2327,89589,89589
EMP0002328,2328,1,1
EMP0002329,2329,238718,238718
EMP0002331,2331,110088,110088
EMP0002332,2332,145380,145380
EMP0002333,2333,101357,101357
EMP0002334,2334,101050,101050
EMP0002335,2335,148233,148233
EMP0002336,2336,50210,50210
EMP0002337,2337,94119,94119
EMP0002338,2338,76740,76740
EMP0002339,2339,64982,64982
EMP0002340,2340,59675,59675
EMP0002341,2341,168338,168338
EMP0002342,2342,92783,92783
EMP0002343,2343,49080,49080
EMP0002344,2344,48616,48616
EMP0002345,2345,80919,80919
EMP0002346,2346,84682,84682
EMP0002347,2347,104392,104392
EMP0002348,2348,63175,63175
EMP0002349,2349,110908,110908
EMP0002350,2350,53575,53575
EMP0002351,2351,,0
EMP0002352,2352,140990,140990
EMP0002353,2353,50326,50326
EMP0002354,2354,91048,91048
EMP0002355,2355,,0
EMP0002356,2356,,0
EMP0002357,2357,107149,107149
EMP0002358,2358,52664,52664
EMP0002359,2359,102933,102933
EMP0002360,2360,68025,68025
EMP0002361,2361,,0
EMP0002362,2362,64276,64276
EMP0002363,2363,52681,52681
EMP0002364,2364,98705,98705
EMP0002365,2365,85644,85644
EMP0002366,2366,57836,57836
EMP0002367,2367,110559,110559
EMP0002368,2368,50541,50541
EMP0002369,2369,165740,165740
EMP0002370,2370,117096,117096
EMP0002371,2371,52286,52286
EMP0002372,2372,88929,88929
EMP0002373,2373,58164,58164
EMP0002374,2374,98617,98617
EMP0002375,2375,152058,152058
EMP0002376,2376,144724,144724
EMP0002377,2377,177615,177615
EMP0002378,2378,101195,101195
EMP0002379,2379,,0
EMP0002380,2380,42935,42935
EMP0002381,2381,188258,188258
EMP0002383,2383,155370,155370
EMP0002384,2384,59305,59305
EMP0002385,2385,113427,113427
EMP0002386,2386,92393,92393
EMP0002387,2387,97221,97221
EMP0002388,2388,,0
EMP0002389,2389,89400,89400
EMP0002390,2390,100184,100184
EMP0002391,2391,84979,84979
EMP0002392,2392,107827,107827
EMP0002393,2393,73725,73725
EMP0002394,2394,80456,80456
EMP0002395,2395,148113,148113
EMP0002396,2396,48194,48194
EMP0002397,2397,55815,55815
EMP0002398,2398,165718,165718
EMP0002399,2399,87740,87740
EMP0002400,2400,61990,61990
EMP0002401,2401,62165,62165
EMP0002402,2402,,0
EMP0002403,2403,127211,127211
EMP0002404,2404,,0
EMP0002405,2405,42226,42226
EMP0002406,2406,153486,153486
EMP0002407,2407,92059,92059
EMP0002408,2408,154746,154746
EMP0002409,2409,57233,57233
EMP0002410,2410,89390,89390
EMP0002411,2411,50677,50677
EMP0002412,2412,113496,113496
EMP0002413,2413,94616,94616
EMP0002414,2414,,0
EMP0002415,2415,52675,52675
EMP0002416,2416,,0
EMP0002417,2417,65733,65733
EMP0002418,2418,93571,93571
EMP0002419,2419,96666,96666
EMP0002420,2420,56282,56282
EMP0002421,2421,65634,65634
EMP0002422,2422,58243,58243
EMP0002423,2423,97542,97542
EMP0002424,2424,101330,101330
EMP0002425,2425,54840,54840
EMP0002426,2426,105946,105946
EMP0002427,2427,86702,86702
EMP0002428,2428,,0
EMP0002429,2429,,0
EMP0002430,2430,47224,47224
EMP0002431,2431,48382,48382
EMP0002432,2432,57207,57207
EMP0002433,2433,43248,43248
EMP0002434,2434,42589,42589
EMP0002435,2435,54223,54223
EMP0002436,2436,47327,47327
EMP0002437,2437,107341,107341
EMP0002438,2438,47895,47895
EMP0002439,2439,81829,81829
EMP0002440,2440,88313,88313
EMP0002441,2441,130241,130241
EMP0002442,2442,45501,45501
EMP0002443,2443,169622,169622
EMP0002444,2444,137156,137156
EMP0002445,2445,88919,88919
EMP0002446,2446,56018,56018
EMP0002447,2447,53856,53856
EMP0002448,2448,56282,56282
EMP0002449,2449,138609,138609
EMP0002450,2450,184553,184553
EMP0002451,2451,177834,177834
EMP0002452,2452,82516,82516
EMP0002453,2453,53699,53699
EMP0002454,2454,,0
EMP0002455,2455,51129,51129
EMP0002456,2456,65401,65401
EMP0002457,2457,167547,167547
EMP0002458,2458,155050,155050
EMP0002459,2459,171600,171600
EMP0002460,2460,169605,169605
EMP0002461,2461,54806,54806
EMP0002462,2462,109132,109132
EMP0002463,2463,70965,70965
EMP0002464,2464,114788,114788
EMP0002465,2465,125380,125380
EMP0002466,2466,160844,160844
EMP0002467,2467,66014,66014
EMP0002468,2468,48888,48888
EMP0002469,2469,,0
EMP0002470,2470,52710,52710
EMP0002471,2471,97280,97280
EMP0002472,2472,60222,60222
EMP0002473,2473,76989,76989
EMP0002474,2474,105241,105241
EMP0002475,2475,88986,88986
EMP0002476,2476,48225,48225
EMP0002477,2477,113934,113934
EMP0002478,2478,84605,84605
EMP0002480,2480,110272,110272
EMP0002481,2481,250438,250438
EMP0002482,2482,141773,141773
EMP0002483,2483,130035,130035
EMP0002484,2484,146720,146720
EMP0002485,2485,52549,52549
EMP0002486,2486,169774,169774
EMP0002487,2487,69906,69906
EMP0002488,2488,69243,69243
EMP0002489,2489,54521,54521
EMP0002490,2490,96509,96509
EMP0002491,2491,167080,167080
EMP0002492,2492,47223,47223
EMP0002493,2493,94977,94977
EMP0002494,2494,165303,165303
EMP0002495,2495,61941,61941
EMP0002496,2496,70946,70946
EMP0002497,2497,66205,66205
EMP0002498,2498,85032,85032
EMP0002499,2499,50748,50748
EMP0002500,2500,88270,88270
EMP0002501,2501,90985,90985
EMP0002502,2502,57919,57919
EMP0002503,2503,58906,58906
EMP0002504,2504,46835,46835
EMP0002505,2505,42370,42370
EMP0002506,2506,68555,68555
EMP0002508,2508,102564,102564
EMP0002509,2509,44767,44767
EMP0002510,2510,1,1
EMP0002511,2511,154347,154347
EMP0002512,2512,68731,68731
EMP0002513,2513,59323,59323
EMP0002514,2514,96320,96320
EMP0002515,2515,98450,98450
EMP0002516,2516,95998,95998
EMP0002517,2517,58407,58407
EMP0002518,2518,85822,85822
EMP0002519,2519,62330,62330
EMP0002520,2520,88037,88037
EMP0002521,2521,110072,110072
EMP0002522,2522,84840,84840
EMP0002523,2523,50692,50692
EMP0002524,2524,59470,59470
EMP0002525,2525,68945,68945
EMP0002526,2526,87872,87872
EMP0002527,2527,52380,52380
EMP0002528,2528,78249,78249
EMP0002562,2562,101845,101845
EMP0002529,2529,172857,172857
EMP0002530,2530,73674,73674
EMP0002531,2531,95577,95577
EMP0002532,2532,96841,96841
EMP0002533,2533,87446,87446
EMP0002534,2534,81332,81332
EMP0002535,2535,57673,57673
EMP0002536,2536,25000,25000
EMP0002537,2537,168324,168324
EMP0002538,2538,52725,52725
EMP0002539,2539,94597,94597
EMP0002540,2540,89885,89885
EMP0002541,2541,,0
EMP0002542,2542,66381,66381
EMP0002543,2543,94739,94739
EMP0002544,2544,211590,211590
EMP0002545,2545,95145,95145
EMP0002546,2546,87061,87061
EMP0002547,2547,98348,98348
EMP0002548,2548,55267,55267
EMP0002549,2549,143817,143817
EMP0002550,2550,57927,57927
EMP0002551,2551,51228,51228
EMP0002552,2552,163320,163320
EMP0002553,2553,47350,47350
EMP0002554,2554,167002,167002
EMP0002555,2555,58149,58149
EMP0002556,2556,76721,76721
EMP0002557,2557,161638,161638
EMP0002558,2558,265464,265464
EMP0002559,2559,275733,275733
EMP0002560,2560,84906,84906
EMP0002561,2561,97388,97388
EMP0002563,2563,51304,51304
EMP0002564,2564,132883,132883
EMP0002565,2565,50663,50663
EMP0002566,2566,119463,119463
EMP0002567,2567,105914,105914
EMP0002568,2568,87016,87016
EMP0002569,2569,44444,44444
EMP0002570,2570,174504,174504
EMP0002571,2571,102371,102371
EMP0002572,2572,89700,89700
EMP0002573,2573,105424,105424
EMP0002574,2574,58522,58522
EMP0002575,2575,60794,60794
EMP0002576,2576,92580,92580
EMP0002577,2577,52631,52631
EMP0002578,2578,90136,90136
EMP0002579,2579,56537,56537
EMP0002580,2580,165600,165600
EMP0002581,2581,,0
EMP0002582,2582,67078,67078
EMP0002583,2583,69042,69042
EMP0002584,2584,143595,143595
EMP0002585,2585,72000,72000
EMP0002586,2586,70239,70239
EMP0002587,2587,59130,59130
EMP0002588,2588,67785,67785
EMP0002589,2589,100168,100168
EMP0002590,2590,54178,54178
EMP0002591,2591,137236,137236
EMP0002592,2592,92349,92349
EMP0002593,2593,182582,182582
EMP0002594,2594,59607,59607
EMP0002595,2595,,0
EMP0002596,2596,253986,253986
EMP0002597,2597,137759,137759
EMP0002598,2598,54566,54566
EMP0002599,2599,84994,84994
EMP0002600,2600,65519,65519
EMP0002601,2601,81019,81019
EMP0002602,2602,91205,91205
EMP0002603,2603,164238,164238
EMP0002604,2604,82923,82923
EMP0002605,2605,92764,92764
EMP0002606,2606,25000,25000
EMP0002607,2607,89461,89461
EMP0002608,2608,59292,59292
EMP0002609,2609,53201,53201
EMP0002610,2610,95609,95609
EMP0002611,2611,42291,42291
EMP0002612,2612,81279,81279
EMP0002613,2613,149331,149331
EMP0002614,2614,95594,95594
EMP0002615,2615,56284,56284
EMP0002616,2616,81812,81812
EMP0002617,2617,78486,78486
EMP0002618,2618,97066,97066
EMP0002619,2619,190606,190606
EMP0002620,2620,107383,107383
EMP0002621,2621,88772,88772
EMP0002622,2622,104230,104230
EMP0002623,2623,108790,108790
EMP0002624,2624,106918,106918
EMP0002625,2625,59514,59514
EMP0002626,2626,157363,157363
EMP0002627,2627,92725,92725
EMP0002629,2629,112916,112916
EMP0002630,2630,75033,75033
EMP0002631,2631,90132,90132
EMP0002632,2632,88027,88027
EMP0002633,2633,68094,68094
EMP0002634,2634,116050,116050
EMP0002635,2635,145137,145137
EMP0002636,2636,170495,170495
EMP0002637,2637,53093,53093
EMP0002638,2638,56634,56634
EMP0002639,2639,59117,59117
EMP0002640,2640,191895,191895
EMP0002641,2641,84505,84505
EMP0002642,2642,106000,106000
EMP0002643,2643,87709,87709
EMP0002644,2644,107332,107332
EMP0002645,2645,899745,899745
EMP0002646,2646,57697,57697
EMP0002647,2647,107539,107539
EMP0002648,2648,110106,110106
EMP0002649,2649,150624,150624
EMP0002650,2650,54939,54939
EMP0002652,2652,165795,165795
EMP0002653,2653,117031,117031
EMP0002654,2654,55235,55235
EMP0002655,2655,89640,89640
EMP0002656,2656,47360,47360
EMP0002657,2657,,0
EMP0002658,2658,98103,98103
EMP0002659,2659,90218,90218
EMP0002660,2660,259624,259624
EMP0002661,2661,50386,50386
EMP0002662,2662,90251,90251
EMP0002663,2663,92541,92541
EMP0002664,2664,191829,191829
EMP0002665,2665,183291,183291
EMP0002666,2666,165731,165731
EMP0002667,2667,,0
EMP0002668,2668,74699,74699
EMP0002669,2669,59232,59232
EMP0002670,2670,104638,104638
EMP0002671,2671,74896,74896
EMP0002672,2672,50158,50158
EMP0002673,2673,69214,69214
EMP0002674,2674,136096,136096
EMP0002675,2675,52877,52877
EMP0002676,2676,55927,55927
EMP0002677,2677,159482,159482
EMP0002678,2678,-55583,-55583
EMP0002679,2679,95525,95525
EMP0002680,2680,,0
EMP0002681,2681,182719,182719
EMP0002682,2682,147415,147415
EMP0002683,2683,285544,285544
EMP0002684,2684,58124,58124
EMP0002685,2685,174589,174589
EMP0002686,2686,42560,42560
EMP0002687,2687,170259,170259
EMP0002688,2688,195801,195801
EMP0002689,2689,264642,264642
EMP0002690,2690,49552,49552
EMP0002691,2691,55567,55567
EMP0002692,2692,56155,56155
EMP0002693,2693,57759,57759
EMP0002694,2694,105982,105982
EMP0002695,2695,66046,66046
EMP0002696,2696,57433,57433
EMP0002697,2697,100720,100720
EMP0002699,2699,112224,112224
EMP0002700,2700,56065,56065
EMP0002701,2701,52800,52800
EMP0002702,2702,138377,138377
EMP0002703,2703,56413,56413
EMP0002704,2704,259428,259428
EMP0002705,2705,76871,76871
EMP0002706,2706,105846,105846
EMP0002707,2707,104028,104028
EMP0002708,2708,90037,90037
EMP0002709,2709,90344,90344
EMP0002710,2710,55995,55995
EMP0002711,2711,161591,161591
EMP0002712,2712,95949,95949
EMP0002713,2713,40542,40542
EMP0002714,2714,100335,100335
EMP0002715,2715,60746,60746
EMP0002716,2716,51669,51669
EMP0002717,2717,111018,111018
EMP0002718,2718,101250,101250
EMP0002719,2719,158136,158136
EMP0002720,2720,156344,156344
EMP0002721,2721,82454,82454
EMP0002722,2722,,0
EMP0002723,2723,101604,101604
EMP0002724,2724,55514,55514
EMP0002725,2725,88880,88880
EMP0002726,2726,,0
EMP0002727,2727,82373,82373
EMP0002728,2728,41743,41743
EMP0002729,2729,83663,83663
EMP0002730,2730,164903,164903
EMP0002731,2731,52066,52066
EMP0002732,2732,103027,103027
EMP0002734,2734,55994,55994
EMP0002735,2735,,0
EMP0002736,2736,105011,105011
EMP0002737,2737,59082,59082
EMP0002738,2738,158788,158788
EMP0002739,2739,64179,64179
EMP0002740,2740,97234,97234
EMP0002741,2741,56573,56573
EMP0002742,2742,85954,85954
EMP0002743,2743,132338,132338
EMP0002744,2744,151085,151085
EMP0002746,2746,45595,45595
EMP0002747,2747,51524,51524
EMP0002748,2748,50079,50079
EMP0002749,2749,59400,59400
EMP0002750,2750,59211,59211
EMP0002751,2751,,0
EMP0002752,2752,,0
EMP0002754,2754,68351,68351
EMP0002755,2755,50014,50014
EMP0002756,2756,63921,63921
EMP0002757,2757,49395,49395
EMP0002758,2758,45041,45041
EMP0002759,2759,87307,87307
EMP0002760,2760,98840,98840
EMP0002761,2761,69830,69830
EMP0002762,2762,172212,172212
EMP0002763,2763,40275,40275
EMP0002764,2764,49421,49421
EMP0002765,2765,68004,68004
EMP0002766,2766,153924,153924
EMP0002767,2767,101247,101247
EMP0002768,2768,51180,51180
EMP0002769,2769,86103,86103
EMP0002770,2770,49401,49401
EMP0002771,2771,97951,97951
EMP0002772,2772,83989,83989
EMP0002773,2773,86317,86317
EMP0002774,2774,277344,277344
EMP0002775,2775,,0
EMP0002776,2776,66921,66921
EMP0002777,2777,64274,64274
EMP0002778,2778,174192,174192
EMP0002779,2779,53111,53111
EMP0002780,2780,88664,88664
EMP0002781,2781,93630,93630
EMP0002782,2782,63026,63026
EMP0002783,2783,98050,98050
EMP0002784,2784,105041,105041
EMP0002785,2785,161823,161823
EMP0002786,2786,48988,48988
EMP0002787,2787,52162,52162
EMP0002788,2788,94111,94111
EMP0002789,2789,43542,43542
EMP0002790,2790,107809,107809
EMP0002791,2791,164887,164887
EMP0002792,2792,98971,98971
EMP0002793,2793,156435,156435
EMP0002794,2794,95087,95087
EMP0002795,2795,181915,181915
EMP0002796,2796,140477,140477
EMP0002797,2797,98410,98410
EMP0002799,2799,54319,54319
EMP0002800,2800,,0
EMP0002801,2801,85906,85906
EMP0002802,2802,100410,100410
EMP0002803,2803,53823,53823
EMP0002804,2804,72003,72003
EMP0002805,2805,141869,141869
EMP0002806,2806,49163,49163
EMP0002807,2807,171736,171736
EMP0002808,2808,46863,46863
EMP0002809,2809,97282,97282
EMP0002810,2810,105867,105867
EMP0002811,2811,115189,115189
EMP0002812,2812,48177,48177
EMP0002813,2813,157038,157038
EMP0002814,2814,97843,97843
EMP0002815,2815,98874,98874
EMP0002816,2816,156170,156170
EMP0002817,2817,98497,98497
EMP0002818,2818,48732,48732
EMP0002819,2819,91136,91136
EMP0002821,2821,89749,89749
EMP0002822,2822,142484,142484
EMP0002823,2823,156876,156876
EMP0002824,2824,95089,95089
EMP0002825,2825,133274,133274
EMP0002826,2826,2172345,2172345
EMP0002827,2827,154782,154782
EMP0002828,2828,78989,78989
EMP0002829,2829,60449,60449
EMP0002830,2830,44893,44893
EMP0002831,2831,,0
EMP0002832,2832,167242,167242
EMP0002833,2833,149888,149888
EMP0002834,2834,,0
EMP0002835,2835,-145647,-145647
EMP0002836,2836,82481,82481
EMP0002837,2837,100073,100073
EMP0002838,2838,103087,103087
EMP0002839,2839,55270,55270
EMP0002840,2840,275545,275545
EMP0002841,2841,92549,92549
EMP0002842,2842,102623,102623
EMP0002843,2843,49361,49361
EMP0002844,2844,165486,165486
EMP0002845,2845,60417,60417
EMP0002846,2846,96445,96445
EMP0002847,2847,140752,140752
EMP0002848,2848,169826,169826
EMP0002849,2849,46690,46690
EMP0002850,2850,92637,92637
EMP0002851,2851,163033,163033
EMP0002852,2852,56782,56782
EMP0002853,2853,94721,94721
EMP0002854,2854,,0
EMP0002855,2855,101765,101765
EMP0002856,2856,49700,49700
EMP0002857,2857,72898,72898
EMP0002859,2859,875655,875655
EMP0002860,2860,53318,53318
EMP0002861,2861,105277,105277
EMP0002862,2862,136310,136310
EMP0002863,2863,59079,59079
EMP0002864,2864,93880,93880
EMP0002865,2865,94968,94968
EMP0002866,2866,56464,56464
EMP0002867,2867,98136,98136
EMP0002868,2868,47323,47323
EMP0002869,2869,47088,47088
EMP0002870,2870,49172,49172
EMP0002871,2871,104971,104971
EMP0002872,2872,84049,84049
EMP0002873,2873,51004,51004
EMP0002874,2874,,0
EMP0002875,2875,145160,145160
EMP0002876,2876,119013,119013
EMP0002877,2877,49755,49755
EMP0002878,2878,42836,42836
EMP0002879,2879,99147,99147
EMP0002880,2880,153040,153040
EMP0002881,2881,69014,69014
EMP0002882,2882,101310,101310
EMP0002883,2883,152706,152706
EMP0002885,2885,145317,145317
EMP0002886,2886,86527,86527
EMP0002887,2887,156767,156767
EMP0002888,2888,114086,114086
EMP0002889,2889,54457,54457
EMP0002890,2890,58503,58503
EMP0002891,2891,51780,51780
EMP0002892,2892,162091,162091
EMP0002893,2893,52255,52255
EMP0002894,2894,87113,87113
EMP0002895,2895,62453,62453
EMP0002896,2896,251588,251588
EMP0002897,2897,157384,157384
EMP0002898,2898,81338,81338
EMP0002899,2899,56116,56116
EMP0002900,2900,,0
EMP0002901,2901,141149,141149
EMP0002902,2902,109279,109279
EMP0002903,2903,55765,55765
EMP0002904,2904,99115,99115
EMP0002906,2906,99264,99264
EMP0002907,2907,90244,90244
EMP0002908,2908,86620,86620
EMP0002909,2909,96316,96316
EMP0002910,2910,174574,174574
EMP0002911,2911,69813,69813
EMP0002912,2912,67818,67818
EMP0002913,2913,77168,77168
EMP0002914,2914,138903,138903
EMP0002915,2915,47982,47982
EMP0002916,2916,137006,137006
EMP0002917,2917,92211,92211
EMP0002918,2918,133700,133700
EMP0002919,2919,91650,91650
EMP0002920,2920,53473,53473
EMP0002921,2921,57396,57396
EMP0002922,2922,66762,66762
EMP0002923,2923,52959,52959
EMP0002924,2924,84624,84624
EMP0002925,2925,89199,89199
EMP0002926,2926,74165,74165
EMP0002927,2927,109794,109794
EMP0002928,2928,95934,95934
EMP0002929,2929,104124,104124
EMP0002930,2930,60946,60946
EMP0002931,2931,112476,112476
EMP0002932,2932,95309,95309
EMP0002933,2933,174267,174267
EMP0002934,2934,76866,76866
EMP0002935,2935,106234,106234
EMP0002936,2936,167372,167372
EMP0002937,2937,48701,48701
EMP0002939,2939,94174,94174
EMP0002940,2940,51000,51000
EMP0002941,2941,41563,41563
EMP0002942,2942,139854,139854
EMP0002943,2943,69769,69769
EMP0002944,2944,84482,84482
EMP0002945,2945,61023,61023
EMP0002947,2947,52881,52881
EMP0002948,2948,,0
EMP0002949,2949,66292,66292
EMP0002950,2950,46572,46572
EMP0002951,2951,90587,90587
EMP0002952,2952,59705,59705
EMP0002953,2953,60232,60232
EMP0002955,2955,59193,59193
EMP0002956,2956,57558,57558
EMP0002957,2957,166871,166871
EMP0002958,2958,,0
EMP0002959,2959,154477,154477
EMP0002960,2960,88696,88696
EMP0002961,2961,87485,87485
EMP0002963,2963,54267,54267
EMP0002964,2964,163031,163031
EMP0002965,2965,56457,56457
EMP0002966,2966,92515,92515
EMP0002967,2967,44842,44842
EMP0002968,2968,109871,109871
EMP0002969,2969,90168,90168
EMP0002970,2970,95510,95510
EMP0002971,2971,129309,129309
EMP0002972,2972,60343,60343
EMP0002973,2973,56248,56248
EMP0002974,2974,53119,53119
EMP0002975,2975,64727,64727
EMP0002976,2976,265589,265589
EMP0002977,2977,88115,88115
EMP0002978,2978,,0
EMP0002979,2979,43692,43692
EMP0002980,2980,154071,154071
EMP0002981,2981,57134,57134
EMP0002982,2982,,0
EMP0002983,2983,95771,95771
EMP0002984,2984,64688,64688
EMP0002985,2985,46206,46206
EMP0002987,2987,54912,54912
EMP0002988,2988,110546,110546
EMP0002989,2989,51291,51291
EMP0002991,2991,86400,86400
EMP0002992,2992,153217,153217
EMP0002993,2993,257128,257128
EMP0002995,2995,127319,127319
EMP0002996,2996,49014,49014
EMP0002997,2997,52599,52599
EMP0002998,2998,83971,83971
EMP0002999,2999,94095,94095
EMP0003000,3000,60256,60256
EMP0000052,52,47322,47322
EMP0000107,107,36795,36795
EMP0000258,258,46728,46728
EMP0000285,285,16368,16368
EMP0000311,311,3498,3498
EMP0000325,325,42075,42075
EMP0000415,415,47784,47784
EMP0000439,439,42108,42108
EMP0000447,447,8811,8811
EMP0000498,498,43395,43395
EMP0000614,614,27357,27357
EMP0000637,637,,0
EMP0000648,648,22176,22176
EMP0000694,694,17490,17490
EMP0000716,716,27291,27291
EMP0000740,740,34815,34815
EMP0000780,780,43659,43659
EMP0000783,783,38808,38808
EMP0000834,834,6567,6567
EMP0000849,849,20988,20988
EMP0000906,906,22902,22902
EMP0000961,961,33594,33594
EMP0000967,967,19833,19833
EMP0000977,977,45177,45177
EMP0000988,988,17853,17853
EMP0001022,1022,12639,12639
EMP0001166,1166,19866,19866
EMP0001185,1185,19272,19272
EMP0001224,1224,36069,36069
EMP0001253,1253,5973,5973
EMP0001417,1417,43593,43593
EMP0001428,1428,17919,17919
EMP0001432,1432,26433,26433
EMP0001484,1484,161295,161295
EMP0001492,1492,67548,67548
EMP0001530,1530,100153,100153
EMP0001539,1539,,0
EMP0001590,1590,141879,141879
EMP0001598,1598,79809,79809
EMP0001613,1613,60630,60630
EMP0001645,1645,129673,129673
EMP0001649,1649,101259,101259
EMP0001732,1732,65968,65968
EMP0001775,1775,59557,59557
EMP0001806,1806,43021,43021
EMP0001811,1811,56060,56060
EMP0001821,1821,97451,97451
EMP0001834,1834,163023,163023
EMP0001878,1878,90932,90932
EMP0001904,1904,88609,88609
EMP0001909,1909,266393,266393
EMP0002017,2017,148999,148999
EMP0002022,2022,57191,57191
EMP0002092,2092,154279,154279
EMP0002136,2136,104234,104234
EMP0002193,2193,88231,88231
EMP0002195,2195,71495,71495
EMP0002196,2196,91828,91828
EMP0002197,2197,116752,116752
EMP0002235,2235,49392,49392
EMP0002244,2244,251625,251625
EMP0002257,2257,61376,61376
EMP0002311,2311,87692,87692
EMP0002318,2318,80896,80896
EMP0002382,2382,152904,152904
EMP0002479,2479,97841,97841
EMP0002507,2507,49866,49866
EMP0002628,2628,127735,127735
EMP0002651,2651,73950,73950
EMP0002698,2698,88017,88017
EMP0002733,2733,100408,100408
EMP0002745,2745,56315,56315
EMP0002753,2753,150350,150350
EMP0002798,2798,60632,60632
EMP0002820,2820,48991,48991
EMP0002858,2858,,0
EMP0002884,2884,98484,98484
EMP0002905,2905,59389,59389
EMP0002938,2938,42291,42291
EMP0002946,2946,209634,209634
EMP0002954,2954,167091,167091
EMP0002962,2962,90132,90132
EMP0002986,2986,149227,149227
EMP0002990,2990,,0
EMP0002994,2994,50354,50354
