"employee_number","job_id","monthly_income"
1,119,36366.00
28,119,22803.00
40,119,37653.00
44,119,32802.00
47,119,35145.00
49,119,39963.00
53,119,49104.00
55,119,47619.00
57,119,28149.00
64,119,47355.00
71,119,40425.00
77,119,25608.00
83,119,3663.00
90,119,22077.00
92,119,20856.00
93,119,44022.00
95,119,36069.00
97,119,44649.00
98,119,3960.00
99,119,22506.00
108,119,7920.00
116,119,39237.00
118,119,48411.00
122,119,24750.00
125,119,8217.00
132,119,26697.00
133,119,17886.00
134,119,26466.00
22,118,40194.00
34,118,29535.00
37,118,28677.00
38,118,29370.00
87,118,17853.00
128,118,17424.00
152,119,21846.00
155,119,31911.00
159,119,20790.00
168,119,44187.00
169,119,23166.00
175,119,41844.00
179,119,17358.00
206,119,3993.00
211,119,34485.00
213,119,40986.00
217,119,11022.00
219,119,34716.00
220,119,37851.00
224,119,3927.00
228,119,46629.00
229,119,31152.00
242,119,32208.00
153,118,47388.00
160,118,9999.00
172,118,19866.00
183,118,44748.00
227,118,10527.00
239,118,46233.00
293,118,14652.00
304,119,7194.00
307,119,29898.00
320,119,19404.00
321,119,45441.00
322,119,22803.00
328,119,38346.00
329,119,16764.00
332,119,6930.00
336,119,37092.00
339,119,18810.00
340,119,37290.00
344,119,4752.00
350,119,24618.00
355,119,21153.00
356,119,30789.00
359,119,27885.00
360,119,17853.00
367,119,4719.00
369,119,18975.00
375,119,10032.00
302,118,26796.00
348,118,43197.00
358,118,24948.00
363,118,29535.00
364,118,11550.00
371,118,5148.00
382,118,6666.00
415,118,47784.00
416,118,9768.00
438,118,13629.00
451,119,27324.00
453,119,18513.00
459,119,36102.00
461,119,25575.00
462,119,6435.00
463,119,8514.00
468,119,4686.00
470,119,48642.00
476,119,23199.00
483,119,45045.00
485,119,17325.00
487,119,18414.00
500,119,40128.00
503,119,7854.00
505,119,10098.00
458,118,43098.00
471,118,17655.00
479,118,20526.00
481,118,14784.00
495,118,6732.00
496,118,46860.00
497,118,44319.00
540,118,10428.00
547,118,46068.00
556,118,35970.00
565,118,31482.00
581,118,12672.00
608,119,39072.00
609,119,14388.00
613,119,25080.00
620,119,19338.00
622,119,30624.00
623,119,3861.00
625,119,21813.00
626,119,30690.00
629,119,11286.00
635,119,4653.00
639,119,19239.00
642,119,12507.00
647,119,28644.00
652,119,8217.00
653,119,41316.00
660,119,27093.00
673,119,15246.00
680,119,39204.00
685,119,21714.00
686,119,42339.00
694,119,17490.00
696,119,20625.00
699,119,40227.00
703,119,7623.00
643,118,13035.00
646,118,11253.00
649,118,40623.00
663,118,16500.00
666,118,47982.00
676,118,5082.00
684,118,28611.00
689,118,13827.00
698,118,46332.00
748,119,34155.00
749,119,8745.00
751,119,47784.00
752,119,4785.00
758,119,7128.00
761,119,4092.00
769,119,9900.00
772,119,35706.00
776,119,13695.00
792,119,39732.00
796,119,10197.00
802,119,31647.00
803,119,32010.00
806,119,34650.00
808,119,25410.00
812,119,4290.00
821,119,39006.00
822,119,5742.00
830,119,19899.00
835,119,46200.00
837,119,13464.00
839,119,15873.00
845,119,28116.00
850,119,45276.00
866,119,43857.00
867,119,39072.00
871,119,44913.00
873,119,37818.00
880,119,22968.00
755,118,34254.00
764,118,43989.00
765,118,37752.00
777,118,25377.00
819,118,26169.00
851,118,28446.00
877,118,21582.00
898,119,10758.00
909,119,17688.00
918,119,4323.00
927,119,17523.00
936,119,19932.00
947,119,9867.00
948,119,33990.00
951,119,19371.00
952,119,8448.00
961,119,33594.00
964,119,33297.00
965,119,16731.00
969,119,20031.00
975,119,26169.00
976,119,8811.00
982,119,21846.00
985,119,24288.00
987,119,49434.00
988,119,17853.00
912,118,19767.00
953,118,34980.00
971,118,42603.00
981,118,23199.00
1013,118,22011.00
1022,118,12639.00
138,119,43857.00
139,119,31647.00
145,119,22737.00
255,119,41151.00
262,119,43791.00
266,119,39930.00
274,119,7524.00
278,119,10626.00
282,119,20955.00
283,119,14586.00
294,119,31350.00
296,119,18315.00
298,119,40656.00
377,119,38874.00
379,119,44946.00
381,119,45243.00
385,119,5412.00
388,119,25047.00
394,119,45573.00
398,119,29403.00
402,119,29898.00
403,119,35706.00
404,119,21285.00
424,119,46134.00
428,119,49467.00
434,119,37125.00
443,119,20955.00
445,119,5379.00
447,119,8811.00
1057,118,49368.00
1060,118,21780.00
1062,118,27390.00
1088,118,47520.00
1101,118,46266.00
1103,118,38181.00
1154,118,17952.00
1179,118,37653.00
448,119,20427.00
508,119,38808.00
518,119,26730.00
519,119,8019.00
521,119,26961.00
522,119,46530.00
526,119,22869.00
528,119,30657.00
529,119,18546.00
533,119,23199.00
534,119,19140.00
537,119,38907.00
545,119,7161.00
546,119,16533.00
549,119,25575.00
564,119,29139.00
567,119,23727.00
568,119,10032.00
570,119,47322.00
574,119,37818.00
577,119,27357.00
584,119,36663.00
592,119,3894.00
704,119,5016.00
705,119,29106.00
706,119,29799.00
707,119,48807.00
1197,119,39798.00
1199,119,17490.00
1212,119,42174.00
1217,119,38907.00
1219,119,30294.00
1224,119,36069.00
1235,119,17919.00
1236,119,42141.00
1237,119,48048.00
1238,119,31812.00
1242,119,12243.00
1248,119,33099.00
1252,119,32307.00
1254,119,42339.00
1198,118,23991.00
1205,118,23364.00
1214,118,14091.00
1221,118,17490.00
1250,118,14124.00
1272,118,11121.00
1309,118,23859.00
1329,118,24024.00
709,119,40557.00
720,119,31515.00
840,119,21351.00
885,119,3531.00
886,119,44748.00
889,119,39996.00
991,119,36663.00
992,119,16467.00
994,119,45276.00
997,119,6765.00
1012,119,38742.00
1014,119,28215.00
1020,119,10857.00
1026,119,48708.00
1027,119,19833.00
1031,119,10758.00
1032,119,12441.00
1039,119,40293.00
1042,119,28578.00
1125,119,48246.00
1133,119,3894.00
1144,119,11088.00
1145,119,23595.00
1163,119,24321.00
1168,119,25179.00
1173,119,15477.00
1187,119,29040.00
1189,119,32703.00
1190,119,12936.00
1192,119,36696.00
1255,119,43329.00
1256,119,6963.00
1258,119,35607.00
1268,119,45375.00
1271,119,16863.00
1275,119,6468.00
1338,118,38676.00
1339,118,31185.00
1366,118,24618.00
1392,118,46332.00
1418,118,38082.00
1429,118,7722.00
1435,118,19305.00
1437,118,16533.00
1439,118,21054.00
1465,118,38511.00
1277,119,19437.00
1282,119,9999.00
1286,119,28017.00
1293,119,25278.00
1296,119,26268.00
1301,119,26730.00
1307,119,37125.00
1310,119,18876.00
1315,119,19437.00
1317,119,46926.00
1320,119,43494.00
1327,119,13662.00
1328,119,43527.00
1334,119,41382.00
1434,119,45606.00
1440,119,18381.00
1447,119,23232.00
1448,119,9933.00
1048,119,14190.00
1049,119,43758.00
1050,119,44814.00
1052,119,12639.00
1058,119,3795.00
1059,119,26070.00
1064,119,41118.00
1068,119,18843.00
1071,119,15411.00
1085,119,32043.00
1095,119,44286.00
1104,119,16236.00
1106,119,40986.00
1107,119,24420.00
1110,119,42504.00
1120,119,41085.00
1121,119,14421.00
1122,119,29172.00
1449,119,30690.00
1452,119,11385.00
1453,119,28974.00
1454,119,36960.00
1455,119,12342.00
1462,119,13530.00
1463,119,23826.00
1469,119,33759.00
1341,119,41778.00
1343,119,48840.00
1351,119,16863.00
1356,119,11055.00
1357,119,11121.00
1359,119,35607.00
1360,119,24255.00
1364,119,7161.00
1365,119,25839.00
1367,119,41283.00
1370,119,48675.00
1372,119,47619.00
1379,119,13827.00
1381,119,22506.00
1385,119,30921.00
1386,119,40887.00
1393,119,40392.00
1394,119,31482.00
1396,119,24882.00
1397,119,38544.00
1404,119,3927.00
1411,119,14652.00
1417,119,43593.00
1432,119,26433.00
19,126,40227.00
30,126,23265.00
353,126,17490.00
120,126,13002.00
216,126,29568.00
234,126,28182.00
236,126,34122.00
238,126,25443.00
264,126,16104.00
301,126,11022.00
418,126,46134.00
425,126,6930.00
446,126,36861.00
457,126,22704.00
467,126,42108.00
562,126,20493.00
617,126,43494.00
702,126,45408.00
711,126,23826.00
742,126,8745.00
750,126,8778.00
756,126,40722.00
759,126,35937.00
811,126,13398.00
862,126,46266.00
908,126,36267.00
914,126,47817.00
917,126,5544.00
919,126,7821.00
1081,126,7524.00
1117,126,22605.00
1127,126,8712.00
1136,126,18579.00
1195,126,40425.00
1243,126,20163.00
1302,126,11550.00
1375,126,19965.00
