employee_id,department,job_role
EMP0000019,Sales,Sales Manager
EMP0000026,Research & Development,R&D Manager
EMP0000030,Sales,Sales Manager
EMP0000066,Research & Development,R&D Manager
EMP0000106,Human Resources,Recruitment Manager
EMP0000113,Human Resources,Recruitment Manager
EMP0000117,Research & Development,R&D Manager
EMP0000120,Sales,Sales Manager
EMP0000148,Research & Development,R&D Manager
EMP0000166,Research & Development,R&D Manager
EMP0000187,Research & Development,R&D Manager
EMP0000191,Research & Development,R&D Manager
EMP0000195,Research & Development,R&D Manager
EMP0000216,Sales,Sales Manager
EMP0000232,Research & Development,R&D Manager
EMP0000234,Sales,Sales Manager
EMP0000236,Sales,Sales Manager
EMP0000238,Sales,Sales Manager
EMP0000245,Research & Development,R&D Manager
EMP0000264,Sales,Sales Manager
EMP0000271,Research & Development,R&D Manager
EMP0000272,Research & Development,R&D Manager
EMP0000277,Research & Development,R&D Manager
EMP0000301,Sales,Sales Manager
EMP0000314,Research & Development,R&D Manager
EMP0000315,Research & Development,R&D Manager
EMP0000327,Research & Development,R&D Manager
EMP0000353,Sales,Sales Manager
EMP0000380,Research & Development,R&D Manager
EMP0000401,Research & Development,R&D Manager
EMP0000409,Research & Development,R&D Manager
EMP0000412,Research & Development,R&D Manager
EMP0000418,Sales,Sales Manager
EMP0000425,Sales,Sales Manager
EMP0000426,Research & Development,R&D Manager
EMP0000436,Research & Development,R&D Manager
EMP0000446,Sales,Sales Manager
EMP0000457,Sales,Sales Manager
EMP0000467,Sales,Sales Manager
EMP0000478,Human Resources,Recruitment Manager
EMP0000493,Research & Development,R&D Manager
EMP0000498,Research & Development,R&D Manager
EMP0000536,Human Resources,Recruitment Manager
EMP0000539,Human Resources,Recruitment Manager
EMP0000562,Sales,Sales Manager
EMP0000569,Research & Development,R&D Manager
EMP0000585,Research & Development,R&D Manager
EMP0000593,Research & Development,R&D Manager
EMP0000617,Sales,Sales Manager
EMP0000654,Research & Development,R&D Manager
EMP0000700,Research & Development,R&D Manager
EMP0000702,Sales,Sales Manager
EMP0000711,Sales,Sales Manager
EMP0000742,Sales,Sales Manager
EMP0000750,Sales,Sales Manager
EMP0000756,Sales,Sales Manager
EMP0000759,Sales,Sales Manager
EMP0000775,Research & Development,R&D Manager
EMP0000800,Research & Development,R&D Manager
EMP0000805,Research & Development,R&D Manager
EMP0000811,Sales,Sales Manager
EMP0000852,Research & Development,R&D Manager
EMP0000859,Research & Development,R&D Manager
EMP0000862,Sales,Sales Manager
EMP0000868,Research & Development,R&D Manager
EMP0000900,Research & Development,R&D Manager
EMP0000908,Sales,Sales Manager
EMP0000914,Sales,Sales Manager
EMP0000917,Sales,Sales Manager
EMP0000919,Sales,Sales Manager
EMP0000923,Research & Development,R&D Manager
EMP0000937,Research & Development,R&D Manager
EMP0000938,Research & Development,R&D Manager
EMP0000949,Research & Development,R&D Manager
EMP0000955,Research & Development,R&D Manager
EMP0000956,Research & Development,R&D Manager
EMP0000957,Human Resources,Recruitment Manager
EMP0000963,Human Resources,Recruitment Manager
EMP0001000,Human Resources,Recruitment Manager
EMP0001076,Research & Development,R&D Manager
EMP0001077,Research & Development,R&D Manager
EMP0001081,Sales,Sales Manager
EMP0001097,Human Resources,Recruitment Manager
EMP0001117,Sales,Sales Manager
EMP0001127,Sales,Sales Manager
EMP0001130,Research & Development,R&D Manager
EMP0001136,Sales,Sales Manager
EMP0001155,Human Resources,Recruitment Manager
EMP0001167,Research & Development,R&D Manager
EMP0001185,Research & Development,R&D Manager
EMP0001195,Sales,Sales Manager
EMP0001196,Research & Development,R&D Manager
EMP0001243,Sales,Sales Manager
EMP0001276,Research & Development,R&D Manager
EMP0001302,Sales,Sales Manager
EMP0001331,Research & Development,R&D Manager
EMP0001349,Research & Development,R&D Manager
EMP0001352,Research & Development,R&D Manager
EMP0001375,Sales,Sales Manager
EMP0001402,Human Resources,Recruitment Manager
EMP0001438,Research & Development,R&D Manager
EMP0001444,Research & Development,R&D Manager
